{"skeleton":{"hash":"NX+mzVfixG3JThXa/s4WZ82C52A","spine":"3.7.94","width":640,"height":1136,"images":"./images/","audio":""},"bones":[{"name":"root"},{"name":"enemy_circle","parent":"root"},{"name":"enemy_circle_bg","parent":"root","y":-5},{"name":"enemy_circle2","parent":"root","y":-3},{"name":"alert_fx","parent":"root","length":100}],"slots":[{"name":"background","bone":"root"},{"name":"enemy_circle_bg","bone":"enemy_circle_bg","color":"ffffff53","attachment":"enemy_circle_bg","blend":"multiply"},{"name":"enemy_circle2","bone":"enemy_circle2","color":"808080e6","attachment":"enemy_circle"},{"name":"enemy_circle","bone":"enemy_circle","color":"ffffffe6","attachment":"enemy_circle"},{"name":"alert_fx","bone":"alert_fx","attachment":"alert_fx","blend":"additive"}],"skins":{"default":{"alert_fx":{"alert_fx":{"type":"mesh","uvs":[1,1,0.66667,1,0.33333,1,0,1,0,0.66667,0,0.33333,0,0,0.33333,0,0.66667,0,1,0,1,0.33333,1,0.66667,0.66667,0.66667,0.33333,0.66667,0.66667,0.33333,0.33333,0.33333],"triangles":[0,11,1,1,11,12,11,10,12,12,10,14,10,9,14,14,9,8,1,12,2,2,12,13,12,14,13,13,14,15,14,8,15,15,8,7,2,13,3,3,13,4,13,15,4,4,15,5,15,7,5,5,7,6],"vertices":[97,-97,32.33,-97,-32.33,-97,-97,-97,-97,-32.33,-97,32.33,-97,97,-32.33,97,32.33,97,97,97,97,32.33,97,-32.33,32.33,-32.33,-32.33,-32.33,32.33,32.33,-32.33,32.33],"hull":12,"edges":[0,2,2,4,4,6,6,8,8,10,10,12,12,14,14,16,16,18,18,20,20,22,22,0],"width":194,"height":194}},"enemy_circle":{"enemy_circle":{"width":72,"height":72}},"enemy_circle2":{"enemy_circle":{"width":72,"height":72}},"enemy_circle_bg":{"enemy_circle_bg":{"width":72,"height":72}}}},"animations":{"enemy_circle":{"slots":{"alert_fx":{"attachment":[{"time":0,"name":null}]},"enemy_circle":{"color":[{"time":0,"color":"fc2f01e6","curve":"stepped"},{"time":1.5,"color":"fc2f01e6"}]},"enemy_circle2":{"color":[{"time":0,"color":"9e0c0ce6","curve":"stepped"},{"time":1.5,"color":"9e0c0ce6"}]}},"bones":{"enemy_circle":{"rotate":[{"time":0,"angle":0},{"time":1.5,"angle":-180}],"translate":[{"time":0,"x":0,"y":0,"curve":"stepped"},{"time":1.5,"x":0,"y":0}],"scale":[{"time":0,"x":1,"y":1},{"time":0.7333,"x":0.85,"y":0.85},{"time":1.5,"x":1,"y":1}]},"enemy_circle_bg":{"rotate":[{"time":0,"angle":0},{"time":1.5,"angle":-180}],"translate":[{"time":0,"x":0,"y":0,"curve":"stepped"},{"time":1.5,"x":0,"y":0}],"scale":[{"time":0,"x":1,"y":1},{"time":0.7333,"x":0.85,"y":0.85},{"time":1.5,"x":1,"y":1}]},"enemy_circle2":{"rotate":[{"time":0,"angle":0},{"time":1.5,"angle":-180}],"translate":[{"time":0,"x":0,"y":0,"curve":"stepped"},{"time":1.5,"x":0,"y":0}],"scale":[{"time":0,"x":1,"y":1},{"time":0.7333,"x":0.85,"y":0.85},{"time":1.5,"x":1,"y":1}]}}},"field_green":{"slots":{"alert_fx":{"color":[{"time":0,"color":"1adb17ff","curve":[0.25,0,0.75,1]},{"time":0.5,"color":"19db16d3","curve":[0.25,0,0.75,1]},{"time":1,"color":"1adb17ff"}]},"enemy_circle":{"attachment":[{"time":0,"name":null}]},"enemy_circle2":{"attachment":[{"time":0,"name":null}]},"enemy_circle_bg":{"attachment":[{"time":0,"name":null}]}},"bones":{"alert_fx":{"scale":[{"time":0,"x":1,"y":1,"curve":[0.25,0,0.75,1]},{"time":0.5,"x":1.02,"y":1.02,"curve":[0.25,0,0.75,1]},{"time":1,"x":1,"y":1}]}},"deform":{"default":{"alert_fx":{"alert_fx":[{"time":0,"vertices":[179.99997,-105,179.99997,-105,-180.00003,-105,-180.00003,-105,-180.00003,-105,-180.00003,105,-180.00003,105,-180.00003,105,179.99997,105,179.99997,105,179.99997,105,179.99997,-105,179.99997,-105,-180.00003,-105,179.99997,105,-180.00003,105],"curve":"stepped"},{"time":1,"vertices":[179.99997,-105,179.99997,-105,-180.00003,-105,-180.00003,-105,-180.00003,-105,-180.00003,105,-180.00003,105,-180.00003,105,179.99997,105,179.99997,105,179.99997,105,179.99997,-105,179.99997,-105,-180.00003,-105,179.99997,105,-180.00003,105]}]}}}},"field_red":{"slots":{"alert_fx":{"color":[{"time":0,"color":"fa3c02ff","curve":[0.25,0,0.75,1]},{"time":0.5,"color":"fa3c02ca","curve":[0.25,0,0.75,1]},{"time":1,"color":"fa3c02ff"}]},"enemy_circle":{"attachment":[{"time":0,"name":null}]},"enemy_circle2":{"attachment":[{"time":0,"name":null}]},"enemy_circle_bg":{"attachment":[{"time":0,"name":null}]}},"bones":{"alert_fx":{"scale":[{"time":0,"x":1,"y":1,"curve":[0.25,0,0.75,1]},{"time":0.5,"x":1.02,"y":1.02,"curve":[0.25,0,0.75,1]},{"time":1,"x":1,"y":1}]}},"deform":{"default":{"alert_fx":{"alert_fx":[{"time":0,"vertices":[179.99997,-105,179.99997,-105,-180.00003,-105,-180.00003,-105,-180.00003,-105,-180.00003,105,-180.00003,105,-180.00003,105,179.99997,105,179.99997,105,179.99997,105,179.99997,-105,179.99997,-105,-180.00003,-105,179.99997,105,-180.00003,105],"curve":"stepped"},{"time":1,"vertices":[179.99997,-105,179.99997,-105,-180.00003,-105,-180.00003,-105,-180.00003,-105,-180.00003,105,-180.00003,105,-180.00003,105,179.99997,105,179.99997,105,179.99997,105,179.99997,-105,179.99997,-105,-180.00003,-105,179.99997,105,-180.00003,105]}]}}}},"monster_circle":{"slots":{"alert_fx":{"attachment":[{"time":0,"name":null}]},"enemy_circle":{"color":[{"time":0,"color":"00fc18e6","curve":"stepped"},{"time":0.6667,"color":"00fc18e6"}]},"enemy_circle2":{"color":[{"time":0,"color":"0c9e27e6","curve":"stepped"},{"time":0.6667,"color":"0c9e27e6"}]}},"bones":{"enemy_circle":{"rotate":[{"time":0,"angle":0},{"time":0.6667,"angle":-180}],"translate":[{"time":0,"x":0,"y":0,"curve":"stepped"},{"time":0.6667,"x":0,"y":0}],"scale":[{"time":0,"x":1,"y":1},{"time":0.3333,"x":0.85,"y":0.85},{"time":0.6667,"x":1,"y":1}]},"enemy_circle_bg":{"rotate":[{"time":0,"angle":0},{"time":0.6667,"angle":-180}],"translate":[{"time":0,"x":0,"y":0,"curve":"stepped"},{"time":0.6667,"x":0,"y":0}],"scale":[{"time":0,"x":1,"y":1},{"time":0.3333,"x":0.85,"y":0.85},{"time":0.6667,"x":1,"y":1}]},"enemy_circle2":{"rotate":[{"time":0,"angle":0},{"time":0.6667,"angle":-180}],"translate":[{"time":0,"x":0,"y":0,"curve":"stepped"},{"time":0.6667,"x":0,"y":0}],"scale":[{"time":0,"x":1,"y":1},{"time":0.3333,"x":0.85,"y":0.85},{"time":0.6667,"x":1,"y":1}]}}},"slot_green":{"slots":{"alert_fx":{"color":[{"time":0,"color":"19db16b3","curve":[0.25,0,0.75,1]},{"time":0.5,"color":"18db145a","curve":[0.25,0,0.75,1]},{"time":1,"color":"19db16b3"}]},"enemy_circle":{"attachment":[{"time":0,"name":null}]},"enemy_circle2":{"attachment":[{"time":0,"name":null}]},"enemy_circle_bg":{"attachment":[{"time":0,"name":null}]}},"bones":{"alert_fx":{"scale":[{"time":0,"x":0.417,"y":0.417,"curve":"stepped"},{"time":1,"x":0.417,"y":0.417}]}}},"slot_red":{"slots":{"alert_fx":{"color":[{"time":0,"color":"fa3c02b4","curve":[0.25,0,0.75,1]},{"time":0.5,"color":"fa3c0259","curve":[0.25,0,0.75,1]},{"time":1,"color":"fa3c02b4"}]},"enemy_circle":{"attachment":[{"time":0,"name":null}]},"enemy_circle2":{"attachment":[{"time":0,"name":null}]},"enemy_circle_bg":{"attachment":[{"time":0,"name":null}]}},"bones":{"alert_fx":{"scale":[{"time":0,"x":0.417,"y":0.417,"curve":"stepped"},{"time":1,"x":0.417,"y":0.417}]}}},"tower_get_hit_fx":{"slots":{"alert_fx":{"color":[{"time":0,"color":"fa3c0221","curve":[0.25,0,0.75,1]},{"time":0.1667,"color":"fa3c02ff","curve":[0.25,0,0.75,1]},{"time":0.5,"color":"fa3c0221"}]},"enemy_circle":{"attachment":[{"time":0,"name":null}]},"enemy_circle2":{"attachment":[{"time":0,"name":null}]},"enemy_circle_bg":{"attachment":[{"time":0,"name":null}]}},"deform":{"default":{"alert_fx":{"alert_fx":[{"time":0,"vertices":[230,-295,230,-295,-230,-295,-230,-295,-230,-295,-230,475,-230,475,-230,475,230,475,230,475,230,475,230,-295,230,-295,-230,-295,230,475,-230,475],"curve":"stepped"},{"time":0.5,"vertices":[230,-295,230,-295,-230,-295,-230,-295,-230,-295,-230,475,-230,475,-230,475,230,475,230,475,230,475,230,-295,230,-295,-230,-295,230,475,-230,475]}]}}}},"user_circle":{"slots":{"alert_fx":{"attachment":[{"time":0,"name":null}]},"enemy_circle":{"color":[{"time":0,"color":"026afde6","curve":"stepped"},{"time":1.5,"color":"026afde6"}]},"enemy_circle2":{"color":[{"time":0,"color":"0c499ee6","curve":"stepped"},{"time":1.5,"color":"0c499ee6"}]}},"bones":{"enemy_circle":{"rotate":[{"time":0,"angle":0},{"time":1.5,"angle":-180}],"translate":[{"time":0,"x":0,"y":0,"curve":"stepped"},{"time":1.5,"x":0,"y":0}],"scale":[{"time":0,"x":1,"y":1},{"time":0.7333,"x":0.85,"y":0.85},{"time":1.5,"x":1,"y":1}]},"enemy_circle_bg":{"rotate":[{"time":0,"angle":0},{"time":1.5,"angle":-180}],"translate":[{"time":0,"x":0,"y":0,"curve":"stepped"},{"time":1.5,"x":0,"y":0}],"scale":[{"time":0,"x":1,"y":1},{"time":0.7333,"x":0.85,"y":0.85},{"time":1.5,"x":1,"y":1}]},"enemy_circle2":{"rotate":[{"time":0,"angle":0},{"time":1.5,"angle":-180}],"translate":[{"time":0,"x":0,"y":0,"curve":"stepped"},{"time":1.5,"x":0,"y":0}],"scale":[{"time":0,"x":1,"y":1},{"time":0.7333,"x":0.85,"y":0.85},{"time":1.5,"x":1,"y":1}]}}}}}