{"skeleton":{"hash":"MDxRVAoqJSml8TJ2KzlwrTte4n0","spine":"3.7.94","width":640,"height":1136,"images":"./images/","audio":""},"bones":[{"name":"root"},{"name":"fx_upgrade","parent":"root","y":40},{"name":"arrow","parent":"fx_upgrade","length":25,"rotation":90},{"name":"arrow2","parent":"fx_upgrade","length":25,"rotation":90},{"name":"arrow3","parent":"fx_upgrade","length":25,"rotation":90}],"slots":[{"name":"background","bone":"root"},{"name":"tower","bone":"root"},{"name":"arrow","bone":"arrow","attachment":"arrow","blend":"additive"},{"name":"arrow3","bone":"arrow3","attachment":"arrow","blend":"additive"},{"name":"arrow2","bone":"arrow2","attachment":"arrow","blend":"additive"}],"skins":{"default":{"arrow":{"arrow":{"x":13,"rotation":-90,"width":31,"height":29}},"arrow2":{"arrow":{"x":13,"rotation":-90,"width":31,"height":29}},"arrow3":{"arrow":{"x":13,"rotation":-90,"width":31,"height":29}}}},"animations":{"animation":{"slots":{"arrow":{"color":[{"time":0,"color":"ffffff00"},{"time":0.5,"color":"ffffffff","curve":"stepped"},{"time":0.7667,"color":"ffffffff"},{"time":1.2667,"color":"fff90000"},{"time":1.5,"color":"ffffff00"}]},"arrow2":{"color":[{"time":0,"color":"ffffff7f"},{"time":0.2667,"color":"ffffff00","curve":"stepped"},{"time":0.5,"color":"ffffff00"},{"time":1,"color":"ffffffff","curve":"stepped"},{"time":1.2667,"color":"ffffffff"},{"time":1.5,"color":"ffffff7f"}]},"arrow3":{"color":[{"time":0,"color":"ffffffff","curve":"stepped"},{"time":0.2667,"color":"ffffffff"},{"time":0.7667,"color":"ffffff00","curve":"stepped"},{"time":1,"color":"ffffff00"},{"time":1.5,"color":"ffffffff"}]}},"bones":{"arrow":{"translate":[{"time":0,"x":0,"y":0},{"time":1.2667,"x":0,"y":20},{"time":1.5,"x":0,"y":0}],"scale":[{"time":0,"x":0.853,"y":1},{"time":1.2667,"x":1.1,"y":1},{"time":1.5,"x":0.853,"y":1}]},"arrow2":{"translate":[{"time":0,"x":0,"y":16},{"time":0.2667,"x":0,"y":20},{"time":0.5,"x":0,"y":0},{"time":1.5,"x":0,"y":16}],"scale":[{"time":0,"x":1.03,"y":1},{"time":0.2667,"x":1.1,"y":1},{"time":0.5,"x":0.75,"y":1},{"time":1.5,"x":1.03,"y":1}]},"arrow3":{"translate":[{"time":0,"x":0,"y":8},{"time":0.7667,"x":0,"y":20},{"time":1,"x":0,"y":0},{"time":1.5,"x":0,"y":8}],"scale":[{"time":0,"x":0.89,"y":1},{"time":0.7667,"x":1.1,"y":1},{"time":1,"x":0.75,"y":1},{"time":1.5,"x":0.89,"y":1}]}}}}}