{"skeleton":{"hash":"vk/tLYMdZXtIoKJFgx6yDq7nn6M","spine":"3.6.53","width":640,"height":1138,"images":"./images/"},"bones":[{"name":"root"},{"name":"effect_frog","parent":"root","scaleX":1.7,"scaleY":1.7},{"name":"egg_fog_23","parent":"effect_frog","length":91.89,"rotation":178.81,"x":13.67,"y":-23.68,"scaleX":0.495,"scaleY":0.495,"color":"9c9c9cff"},{"name":"egg_fog_24","parent":"effect_frog","length":100,"rotation":90,"x":8.54,"y":-15.42,"scaleX":0.495,"scaleY":0.495,"color":"9c9c9cff"},{"name":"ice_ball","parent":"root"},{"name":"ice_ball_tail","parent":"ice_ball","scaleX":1.2,"scaleY":1.6},{"name":"ice_crytals","parent":"root","y":20,"scaleX":1.1,"scaleY":1.1},{"name":"ice_explosive","parent":"root","scaleX":1.2,"scaleY":1.2},{"name":"ice_ring","parent":"root","color":"000afcff"},{"name":"ice_splat","parent":"root"},{"name":"star","parent":"root","x":-69.51,"y":-14.2},{"name":"star2","parent":"root","x":56.98,"y":52.53,"scaleX":0.5,"scaleY":0.5},{"name":"star3","parent":"root","x":-26.74,"y":-27.2,"scaleX":0.7,"scaleY":0.7},{"name":"star4","parent":"root","x":-26.05,"y":33.91,"scaleX":0.8,"scaleY":0.8},{"name":"star5","parent":"root","x":-8.2,"y":93.92,"scaleX":0.7,"scaleY":0.7},{"name":"star6","parent":"root","rotation":45,"x":-60.97,"y":59.52,"scaleX":0.5,"scaleY":0.5},{"name":"star7","parent":"root","x":-70.76,"y":27.13,"scaleX":0.6,"scaleY":0.6},{"name":"star8","parent":"root","x":10.42,"y":-58.28},{"name":"star9","parent":"root","x":37.51,"y":2.42},{"name":"star10","parent":"root","x":-10.68,"y":22.18,"scaleX":0.8,"scaleY":0.8},{"name":"star11","parent":"root","x":24.28,"y":11.48,"scaleX":0.5,"scaleY":0.5},{"name":"star12","parent":"root","x":-5.19,"y":-5.48,"scaleX":0.7,"scaleY":0.7},{"name":"star13","parent":"root","x":-1.1,"y":0.02}],"slots":[{"name":"bg_sample","bone":"root"},{"name":"ice_ring","bone":"ice_ring","attachment":"ice_ring"},{"name":"ice_splat2","bone":"ice_splat","attachment":"ice_splat2"},{"name":"BATTLE_screen_top","bone":"root"},{"name":"egg_fog_24","bone":"egg_fog_24","attachment":"egg_fog_1","blend":"additive"},{"name":"egg_fog_23","bone":"egg_fog_23","attachment":"egg_fog_2","blend":"additive"},{"name":"ice_crytals","bone":"ice_crytals","attachment":"Comp_ice_crytals/Comp_ice_crytals_2","blend":"additive"},{"name":"ice_explosive","bone":"ice_explosive","attachment":"Comp_ice_explosive/Comp_ice_explosive_10","blend":"additive"},{"name":"star","bone":"star","attachment":"star","blend":"screen"},{"name":"star9","bone":"star9","attachment":"star","blend":"screen"},{"name":"star10","bone":"star10","attachment":"star","blend":"screen"},{"name":"star13","bone":"star13","attachment":"star","blend":"screen"},{"name":"star11","bone":"star11","attachment":"star","blend":"screen"},{"name":"star12","bone":"star12","attachment":"star","blend":"screen"},{"name":"star8","bone":"star8","attachment":"star","blend":"screen"},{"name":"star3","bone":"star3","attachment":"star","blend":"screen"},{"name":"star5","bone":"star5","attachment":"star","blend":"screen"},{"name":"star2","bone":"star2","attachment":"star","blend":"screen"},{"name":"star7","bone":"star7","attachment":"star","blend":"screen"},{"name":"star6","bone":"star6","attachment":"star","blend":"screen"},{"name":"star4","bone":"star4","attachment":"star","blend":"screen"},{"name":"ice_crystal","bone":"ice_ball","attachment":"ice_crystal"},{"name":"ice_ball","bone":"ice_ball_tail","attachment":"ice_ball/ice_ball_0","blend":"screen"}],"skins":{"default":{"egg_fog_23":{"egg_fog_2":{"color":"86cfff90","x":38.37,"y":-67.24,"scaleX":1.7,"scaleY":1.7,"rotation":-178.81,"width":139,"height":133}},"egg_fog_24":{"egg_fog_1":{"color":"8fd5ff94","x":30.07,"y":14.22,"scaleX":1.7,"scaleY":1.7,"rotation":-90,"width":146,"height":135}},"ice_ball":{"ice_ball/ice_ball_0":{"y":67.54,"scaleX":2,"scaleY":3,"width":50,"height":79},"ice_ball/ice_ball_1":{"y":67.54,"scaleX":2,"scaleY":3,"width":50,"height":79},"ice_ball/ice_ball_2":{"y":67.54,"scaleX":2,"scaleY":3,"width":50,"height":79},"ice_ball/ice_ball_3":{"y":67.54,"scaleX":2,"scaleY":3,"width":50,"height":79},"ice_ball/ice_ball_4":{"y":67.54,"scaleX":2,"scaleY":3,"width":50,"height":79},"ice_ball/ice_ball_5":{"y":67.54,"scaleX":2,"scaleY":3,"width":50,"height":79},"ice_ball/ice_ball_6":{"y":67.54,"scaleX":2,"scaleY":3,"width":50,"height":79},"ice_ball/ice_ball_7":{"y":67.54,"scaleX":2,"scaleY":3,"width":50,"height":79},"ice_ball/ice_ball_8":{"y":67.54,"scaleX":2,"scaleY":3,"width":50,"height":79},"ice_ball/ice_ball_9":{"y":67.54,"scaleX":2,"scaleY":3,"width":50,"height":79},"ice_ball/ice_ball_10":{"y":67.54,"scaleX":2,"scaleY":3,"width":50,"height":79},"ice_ball/ice_ball_11":{"y":67.54,"scaleX":2,"scaleY":3,"width":50,"height":79}},"ice_crystal":{"ice_crystal":{"y":16,"width":60,"height":85}},"ice_crytals":{"Comp_ice_crytals/Comp_ice_crytals_2":{"x":-2,"y":-20,"scaleX":2,"scaleY":2,"width":100,"height":100},"Comp_ice_crytals/Comp_ice_crytals_3":{"x":-2,"y":-20,"scaleX":2,"scaleY":2,"width":100,"height":100},"Comp_ice_crytals/Comp_ice_crytals_4":{"x":-2,"y":-20,"scaleX":2,"scaleY":2,"width":100,"height":100},"Comp_ice_crytals/Comp_ice_crytals_5":{"x":-2,"y":-20,"scaleX":2,"scaleY":2,"width":100,"height":100},"Comp_ice_crytals/Comp_ice_crytals_6":{"x":-2,"y":-20,"scaleX":2,"scaleY":2,"width":100,"height":100},"Comp_ice_crytals/Comp_ice_crytals_7":{"x":-2,"y":-20,"scaleX":2,"scaleY":2,"width":100,"height":100},"Comp_ice_crytals/Comp_ice_crytals_8":{"x":-2,"y":-20,"scaleX":2,"scaleY":2,"width":100,"height":100},"Comp_ice_crytals/Comp_ice_crytals_9":{"x":-2,"y":-20,"scaleX":2,"scaleY":2,"width":100,"height":100},"Comp_ice_crytals/Comp_ice_crytals_10":{"x":-2,"y":-20,"scaleX":2,"scaleY":2,"width":100,"height":100},"Comp_ice_crytals/Comp_ice_crytals_11":{"x":-2,"y":-20,"scaleX":2,"scaleY":2,"width":100,"height":100},"Comp_ice_crytals/Comp_ice_crytals_12":{"x":-2,"y":-20,"scaleX":2,"scaleY":2,"width":100,"height":100},"Comp_ice_crytals/Comp_ice_crytals_13":{"x":-2,"y":-20,"scaleX":2,"scaleY":2,"width":100,"height":100},"Comp_ice_crytals/Comp_ice_crytals_14":{"x":-2,"y":-20,"scaleX":2,"scaleY":2,"width":100,"height":100},"Comp_ice_crytals/Comp_ice_crytals_15":{"x":-2,"y":-20,"scaleX":2,"scaleY":2,"width":100,"height":100}},"ice_explosive":{"Comp_ice_explosive/Comp_ice_explosive_2":{"scaleX":1.6,"scaleY":1.6,"width":125,"height":125},"Comp_ice_explosive/Comp_ice_explosive_3":{"scaleX":1.6,"scaleY":1.6,"width":125,"height":125},"Comp_ice_explosive/Comp_ice_explosive_4":{"scaleX":1.6,"scaleY":1.6,"width":125,"height":125},"Comp_ice_explosive/Comp_ice_explosive_5":{"scaleX":1.6,"scaleY":1.6,"width":125,"height":125},"Comp_ice_explosive/Comp_ice_explosive_6":{"scaleX":1.6,"scaleY":1.6,"width":125,"height":125},"Comp_ice_explosive/Comp_ice_explosive_7":{"scaleX":1.6,"scaleY":1.6,"width":125,"height":125},"Comp_ice_explosive/Comp_ice_explosive_8":{"scaleX":1.6,"scaleY":1.6,"width":125,"height":125},"Comp_ice_explosive/Comp_ice_explosive_9":{"scaleX":1.6,"scaleY":1.6,"width":125,"height":125},"Comp_ice_explosive/Comp_ice_explosive_10":{"scaleX":1.6,"scaleY":1.6,"width":125,"height":125},"Comp_ice_explosive/Comp_ice_explosive_11":{"scaleX":1.6,"scaleY":1.6,"width":125,"height":125},"Comp_ice_explosive/Comp_ice_explosive_12":{"scaleX":1.6,"scaleY":1.6,"width":125,"height":125},"Comp_ice_explosive/Comp_ice_explosive_13":{"scaleX":1.6,"scaleY":1.6,"width":125,"height":125},"Comp_ice_explosive/Comp_ice_explosive_14":{"scaleX":1.6,"scaleY":1.6,"width":125,"height":125},"Comp_ice_explosive/Comp_ice_explosive_15":{"scaleX":1.6,"scaleY":1.6,"width":125,"height":125},"Comp_ice_explosive/Comp_ice_explosive_16":{"scaleX":1.6,"scaleY":1.6,"width":125,"height":125},"Comp_ice_explosive/Comp_ice_explosive_17":{"scaleX":1.6,"scaleY":1.6,"width":125,"height":125},"Comp_ice_explosive/Comp_ice_explosive_18":{"scaleX":1.6,"scaleY":1.6,"width":125,"height":125}},"ice_ring":{"ice_ring":{"width":204,"height":198}},"ice_splat2":{"ice_splat2":{"width":200,"height":200}},"star":{"star":{"x":0.28,"y":0.08,"width":38,"height":39}},"star10":{"star":{"x":0.28,"y":0.08,"width":38,"height":39}},"star11":{"star":{"x":0.28,"y":0.08,"width":38,"height":39}},"star12":{"star":{"x":0.28,"y":0.08,"width":38,"height":39}},"star13":{"star":{"x":0.28,"y":0.08,"width":38,"height":39}},"star2":{"star":{"x":0.28,"y":0.08,"width":38,"height":39}},"star3":{"star":{"x":0.28,"y":0.08,"width":38,"height":39}},"star4":{"star":{"x":0.28,"y":0.08,"width":38,"height":39}},"star5":{"star":{"x":0.28,"y":0.08,"width":38,"height":39}},"star6":{"star":{"x":0.28,"y":0.08,"width":38,"height":39}},"star7":{"star":{"x":0.28,"y":0.08,"width":38,"height":39}},"star8":{"star":{"x":0.28,"y":0.08,"width":38,"height":39}},"star9":{"star":{"x":0.28,"y":0.08,"width":38,"height":39}}}},"animations":{"animation_bottom":{"slots":{"egg_fog_23":{"color":[{"time":0,"color":"ffffff00"}],"attachment":[{"time":0,"name":null}]},"egg_fog_24":{"color":[{"time":0,"color":"ffffff00"}],"attachment":[{"time":0,"name":null}]},"ice_ball":{"attachment":[{"time":0,"name":null},{"time":2.5,"name":null}]},"ice_crystal":{"attachment":[{"time":0,"name":null},{"time":2.5,"name":null}]},"ice_crytals":{"attachment":[{"time":0,"name":null}]},"ice_explosive":{"attachment":[{"time":0,"name":null}]},"ice_ring":{"color":[{"time":0,"color":"ffffff00","curve":[0.25,0,0.75,1]},{"time":0.5,"color":"ffffffff","curve":[0.25,0,0.75,1]},{"time":2.1667,"color":"ffffffe1","curve":[0.25,0,0.75,1]},{"time":2.5,"color":"ffffff00"}]},"ice_splat2":{"color":[{"time":0,"color":"ffffffff","curve":"stepped"},{"time":0.5,"color":"ffffffff","curve":"stepped"},{"time":2.1667,"color":"ffffffff"},{"time":2.5,"color":"ffffff00"}]},"star":{"attachment":[{"time":0,"name":null}]},"star2":{"attachment":[{"time":0,"name":null}]},"star3":{"attachment":[{"time":0,"name":null}]},"star4":{"attachment":[{"time":0,"name":null}]},"star5":{"attachment":[{"time":0,"name":null}]},"star6":{"attachment":[{"time":0,"name":null}]},"star7":{"attachment":[{"time":0,"name":null}]},"star8":{"attachment":[{"time":0,"name":null}]},"star9":{"attachment":[{"time":0,"name":null}]},"star10":{"attachment":[{"time":0,"name":null}]},"star11":{"attachment":[{"time":0,"name":null}]},"star12":{"attachment":[{"time":0,"name":null}]},"star13":{"attachment":[{"time":0,"name":null}]}},"bones":{"egg_fog_23":{"rotate":[{"time":0,"angle":0,"curve":"stepped"},{"time":2.5,"angle":0}],"translate":[{"time":0,"x":0,"y":0,"curve":"stepped"},{"time":2.5,"x":0,"y":0}],"scale":[{"time":0,"x":1.1,"y":1.1,"curve":"stepped"},{"time":2.5,"x":1.1,"y":1.1}]},"egg_fog_24":{"rotate":[{"time":0,"angle":0,"curve":"stepped"},{"time":2.5,"angle":0}],"translate":[{"time":0,"x":0,"y":0,"curve":"stepped"},{"time":2.5,"x":0,"y":0}],"scale":[{"time":0,"x":1,"y":1,"curve":"stepped"},{"time":2.5,"x":1,"y":1}]},"ice_crytals":{"rotate":[{"time":0,"angle":0,"curve":"stepped"},{"time":2.5,"angle":0}],"translate":[{"time":0,"x":0,"y":0,"curve":"stepped"},{"time":2.5,"x":0,"y":0}],"scale":[{"time":0,"x":1,"y":1,"curve":"stepped"},{"time":2.5,"x":1,"y":1}]},"ice_ring":{"rotate":[{"time":0,"angle":0,"curve":"stepped"},{"time":2.5,"angle":0}],"translate":[{"time":0,"x":0,"y":0,"curve":"stepped"},{"time":2.5,"x":0,"y":0}],"scale":[{"time":0,"x":0,"y":0,"curve":[0.25,0,0.75,1]},{"time":0.5,"x":1.05,"y":1.05,"curve":[0.25,0,0.75,1]},{"time":2.5,"x":1,"y":1}]},"ice_splat":{"rotate":[{"time":0,"angle":0,"curve":"stepped"},{"time":2.5,"angle":0}],"translate":[{"time":0,"x":0,"y":0,"curve":"stepped"},{"time":2.5,"x":0,"y":0}],"scale":[{"time":0,"x":0,"y":0},{"time":0.3333,"x":1,"y":1,"curve":"stepped"},{"time":2.3333,"x":1,"y":1},{"time":2.5,"x":0,"y":0}]},"star":{"rotate":[{"time":0,"angle":0,"curve":"stepped"},{"time":2.5,"angle":0}],"translate":[{"time":0,"x":0,"y":0,"curve":"stepped"},{"time":2.5,"x":0,"y":0}],"scale":[{"time":0,"x":0,"y":0,"curve":"stepped"},{"time":2.5,"x":0,"y":0}]},"star2":{"rotate":[{"time":0,"angle":0,"curve":"stepped"},{"time":2.5,"angle":0}],"translate":[{"time":0,"x":0,"y":0,"curve":"stepped"},{"time":2.5,"x":0,"y":0}],"scale":[{"time":0,"x":0,"y":0,"curve":"stepped"},{"time":2.5,"x":0,"y":0}]},"star3":{"rotate":[{"time":0,"angle":0,"curve":"stepped"},{"time":2.5,"angle":0}],"translate":[{"time":0,"x":0,"y":0,"curve":"stepped"},{"time":2.5,"x":0,"y":0}],"scale":[{"time":0,"x":0,"y":0,"curve":"stepped"},{"time":2.5,"x":0,"y":0}]},"star4":{"rotate":[{"time":0,"angle":0,"curve":"stepped"},{"time":2.5,"angle":0}],"translate":[{"time":0,"x":0,"y":0,"curve":"stepped"},{"time":2.5,"x":0,"y":0}],"scale":[{"time":0,"x":0,"y":0,"curve":"stepped"},{"time":2.5,"x":0,"y":0}]},"star5":{"rotate":[{"time":0,"angle":0,"curve":"stepped"},{"time":2.5,"angle":0}],"translate":[{"time":0,"x":0,"y":0,"curve":"stepped"},{"time":2.5,"x":0,"y":0}],"scale":[{"time":0,"x":0,"y":0,"curve":"stepped"},{"time":2.5,"x":0,"y":0}]},"star6":{"rotate":[{"time":0,"angle":0,"curve":"stepped"},{"time":2.5,"angle":0}],"translate":[{"time":0,"x":0,"y":0,"curve":"stepped"},{"time":2.5,"x":0,"y":0}],"scale":[{"time":0,"x":0,"y":0,"curve":"stepped"},{"time":2.5,"x":0,"y":0}]},"star7":{"rotate":[{"time":0,"angle":0,"curve":"stepped"},{"time":2.5,"angle":0}],"translate":[{"time":0,"x":0,"y":0,"curve":"stepped"},{"time":2.5,"x":0,"y":0}],"scale":[{"time":0,"x":0,"y":0,"curve":"stepped"},{"time":2.5,"x":0,"y":0}]},"star8":{"rotate":[{"time":0,"angle":0,"curve":"stepped"},{"time":2.5,"angle":0}],"translate":[{"time":0,"x":0,"y":0,"curve":"stepped"},{"time":2.5,"x":0,"y":0}],"scale":[{"time":0,"x":0,"y":0,"curve":"stepped"},{"time":2.5,"x":0,"y":0}]},"star9":{"rotate":[{"time":0,"angle":0,"curve":"stepped"},{"time":2.5,"angle":0}],"translate":[{"time":0,"x":0,"y":0,"curve":"stepped"},{"time":2.5,"x":0,"y":0}],"scale":[{"time":0,"x":0,"y":0,"curve":"stepped"},{"time":2.5,"x":0,"y":0}]},"star10":{"rotate":[{"time":0,"angle":0,"curve":"stepped"},{"time":2.5,"angle":0}],"translate":[{"time":0,"x":0,"y":0,"curve":"stepped"},{"time":2.5,"x":0,"y":0}],"scale":[{"time":0,"x":0,"y":0,"curve":"stepped"},{"time":2.5,"x":0,"y":0}]},"star11":{"rotate":[{"time":0,"angle":0,"curve":"stepped"},{"time":2.5,"angle":0}],"translate":[{"time":0,"x":0,"y":0,"curve":"stepped"},{"time":2.5,"x":0,"y":0}],"scale":[{"time":0,"x":0,"y":0,"curve":"stepped"},{"time":2.5,"x":0,"y":0}]},"star12":{"rotate":[{"time":0,"angle":0,"curve":"stepped"},{"time":2.5,"angle":0}],"translate":[{"time":0,"x":0,"y":0,"curve":"stepped"},{"time":2.5,"x":0,"y":0}],"scale":[{"time":0,"x":0,"y":0,"curve":"stepped"},{"time":2.5,"x":0,"y":0}]},"star13":{"rotate":[{"time":0,"angle":0,"curve":"stepped"},{"time":2.5,"angle":0}],"translate":[{"time":0,"x":0,"y":0,"curve":"stepped"},{"time":2.5,"x":0,"y":0}],"scale":[{"time":0,"x":0,"y":0,"curve":"stepped"},{"time":2.5,"x":0,"y":0}]},"ice_explosive":{"rotate":[{"time":0,"angle":0,"curve":"stepped"},{"time":2.5,"angle":0}],"translate":[{"time":0,"x":0,"y":0,"curve":"stepped"},{"time":2.5,"x":0,"y":0}],"scale":[{"time":0,"x":1,"y":1,"curve":"stepped"},{"time":2.5,"x":1,"y":1}]},"ice_ball_tail":{"rotate":[{"time":0,"angle":0,"curve":"stepped"},{"time":2.5,"angle":0}],"translate":[{"time":0,"x":0,"y":0,"curve":"stepped"},{"time":2.5,"x":0,"y":0}],"scale":[{"time":0,"x":1,"y":1,"curve":"stepped"},{"time":2.5,"x":1,"y":1}]},"ice_ball":{"rotate":[{"time":0,"angle":0,"curve":"stepped"},{"time":2.5,"angle":0}],"translate":[{"time":0,"x":0,"y":0,"curve":"stepped"},{"time":2.5,"x":0,"y":0}],"scale":[{"time":0,"x":1,"y":1,"curve":"stepped"},{"time":2.5,"x":1,"y":1}]},"root":{"rotate":[{"time":0,"angle":0,"curve":"stepped"},{"time":2.5,"angle":0}],"translate":[{"time":0,"x":0,"y":0,"curve":"stepped"},{"time":2.5,"x":0,"y":0}],"scale":[{"time":0,"x":1,"y":1,"curve":"stepped"},{"time":2.5,"x":1,"y":1}]},"effect_frog":{"rotate":[{"time":0,"angle":0,"curve":"stepped"},{"time":2.5,"angle":0}],"translate":[{"time":0,"x":0,"y":0,"curve":"stepped"},{"time":2.5,"x":0,"y":0}],"scale":[{"time":0,"x":1,"y":1,"curve":"stepped"},{"time":2.5,"x":1,"y":1}]}}},"animation_full":{"slots":{"egg_fog_23":{"color":[{"time":0,"color":"ffffff00","curve":"stepped"},{"time":0.3333,"color":"ffffff00"},{"time":0.6333,"color":"ffffff7f"},{"time":1.2667,"color":"ffffff00","curve":"stepped"},{"time":1.3,"color":"ffffff00"},{"time":2,"color":"ffffffd3"},{"time":2.3333,"color":"ffffff00"}],"attachment":[{"time":0,"name":"egg_fog_2"},{"time":2.5,"name":"egg_fog_2"}]},"egg_fog_24":{"color":[{"time":0,"color":"ffffff00","curve":"stepped"},{"time":0.3333,"color":"ffffff00"},{"time":0.6333,"color":"ffffff7f"},{"time":1.2667,"color":"ffffffff"},{"time":1.8667,"color":"ffffff7f"},{"time":2.5,"color":"ffffff00"}],"attachment":[{"time":0,"name":"egg_fog_1"},{"time":2.5,"name":"egg_fog_1"}]},"ice_ball":{"attachment":[{"time":0,"name":null},{"time":2.8333,"name":null}]},"ice_crystal":{"attachment":[{"time":0,"name":null},{"time":2.8333,"name":null}]},"ice_crytals":{"attachment":[{"time":0,"name":null},{"time":0.1667,"name":"Comp_ice_crytals/Comp_ice_crytals_2"},{"time":0.2,"name":"Comp_ice_crytals/Comp_ice_crytals_3"},{"time":0.2333,"name":"Comp_ice_crytals/Comp_ice_crytals_4"},{"time":0.2667,"name":"Comp_ice_crytals/Comp_ice_crytals_5"},{"time":0.3,"name":"Comp_ice_crytals/Comp_ice_crytals_6"},{"time":0.3333,"name":"Comp_ice_crytals/Comp_ice_crytals_7"},{"time":0.3667,"name":"Comp_ice_crytals/Comp_ice_crytals_8"},{"time":0.4,"name":"Comp_ice_crytals/Comp_ice_crytals_9"},{"time":0.4333,"name":"Comp_ice_crytals/Comp_ice_crytals_10"},{"time":0.4667,"name":"Comp_ice_crytals/Comp_ice_crytals_11"},{"time":0.5,"name":"Comp_ice_crytals/Comp_ice_crytals_12"},{"time":0.5333,"name":"Comp_ice_crytals/Comp_ice_crytals_13"},{"time":0.5667,"name":"Comp_ice_crytals/Comp_ice_crytals_14"},{"time":0.6,"name":"Comp_ice_crytals/Comp_ice_crytals_15"},{"time":0.6333,"name":null}]},"ice_explosive":{"attachment":[{"time":0,"name":"Comp_ice_explosive/Comp_ice_explosive_2"},{"time":0.0333,"name":"Comp_ice_explosive/Comp_ice_explosive_3"},{"time":0.0333,"name":"Comp_ice_explosive/Comp_ice_explosive_4"},{"time":0.1,"name":"Comp_ice_explosive/Comp_ice_explosive_5"},{"time":0.1333,"name":"Comp_ice_explosive/Comp_ice_explosive_6"},{"time":0.1667,"name":"Comp_ice_explosive/Comp_ice_explosive_7"},{"time":0.2,"name":"Comp_ice_explosive/Comp_ice_explosive_8"},{"time":0.2333,"name":"Comp_ice_explosive/Comp_ice_explosive_9"},{"time":0.2667,"name":"Comp_ice_explosive/Comp_ice_explosive_10"},{"time":0.3,"name":"Comp_ice_explosive/Comp_ice_explosive_11"},{"time":0.3333,"name":"Comp_ice_explosive/Comp_ice_explosive_12"},{"time":0.3667,"name":"Comp_ice_explosive/Comp_ice_explosive_13"},{"time":0.4,"name":"Comp_ice_explosive/Comp_ice_explosive_14"},{"time":0.4333,"name":"Comp_ice_explosive/Comp_ice_explosive_15"},{"time":0.4667,"name":"Comp_ice_explosive/Comp_ice_explosive_16"},{"time":0.5,"name":"Comp_ice_explosive/Comp_ice_explosive_17"},{"time":0.5333,"name":"Comp_ice_explosive/Comp_ice_explosive_18"},{"time":0.5667,"name":null}]},"ice_ring":{"color":[{"time":0,"color":"ffffff00","curve":[0.25,0,0.75,1]},{"time":0.5,"color":"ffffffff","curve":[0.25,0,0.75,1]},{"time":2.1667,"color":"ffffffe1","curve":[0.25,0,0.75,1]},{"time":2.5,"color":"ffffff00"}]},"ice_splat2":{"color":[{"time":0,"color":"ffffffff","curve":"stepped"},{"time":0.5,"color":"ffffffff","curve":"stepped"},{"time":2.1667,"color":"ffffffff"},{"time":2.5,"color":"ffffff00"}]},"star":{"attachment":[{"time":0,"name":null},{"time":0.2,"name":"star"},{"time":1.2,"name":null}]},"star2":{"attachment":[{"time":0,"name":null},{"time":0.6,"name":"star"},{"time":1.6,"name":null}]},"star3":{"attachment":[{"time":0,"name":null},{"time":1,"name":"star"},{"time":2,"name":null}]},"star4":{"attachment":[{"time":0,"name":null},{"time":1.8,"name":"star"},{"time":2.8333,"name":null}]},"star5":{"attachment":[{"time":0,"name":null},{"time":0.4,"name":"star"},{"time":1.6,"name":null}]},"star6":{"attachment":[{"time":0,"name":null},{"time":1.2,"name":"star"},{"time":2.2,"name":null}]},"star7":{"attachment":[{"time":0,"name":null},{"time":1.8,"name":"star"},{"time":2.8333,"name":null}]},"star8":{"attachment":[{"time":0,"name":null},{"time":0.8,"name":"star"},{"time":2.4,"name":null}]},"star9":{"attachment":[{"time":0,"name":null},{"time":0.4,"name":"star"},{"time":2,"name":null}]},"star10":{"attachment":[{"time":0,"name":null},{"time":0.4,"name":"star"},{"time":2,"name":null}]},"star11":{"attachment":[{"time":0,"name":null},{"time":0.8,"name":"star"},{"time":2,"name":null}]},"star12":{"attachment":[{"time":0,"name":null},{"time":1.2,"name":"star"},{"time":2.4,"name":null}]},"star13":{"attachment":[{"time":0,"name":null},{"time":1.6667,"name":"star"},{"time":2.4667,"name":null}]}},"bones":{"egg_fog_23":{"rotate":[{"time":0,"angle":0,"curve":"stepped"},{"time":2.8333,"angle":0}],"translate":[{"time":0,"x":0,"y":0,"curve":"stepped"},{"time":2.8333,"x":0,"y":0}],"scale":[{"time":0,"x":1.1,"y":1.1},{"time":0.6333,"x":1.15,"y":1.15},{"time":1.2667,"x":1.2,"y":1.2},{"time":1.3,"x":1,"y":1},{"time":2.5,"x":1.1,"y":1.1,"curve":"stepped"},{"time":2.8333,"x":1.1,"y":1.1}]},"egg_fog_24":{"rotate":[{"time":0,"angle":0,"curve":"stepped"},{"time":2.8333,"angle":0}],"translate":[{"time":0,"x":0,"y":0,"curve":"stepped"},{"time":2.8333,"x":0,"y":0}],"scale":[{"time":0,"x":1,"y":1},{"time":0.6333,"x":1.05,"y":1.05},{"time":1.2667,"x":1.1,"y":1.1},{"time":1.8667,"x":1.15,"y":1.15},{"time":2.5,"x":1,"y":1,"curve":"stepped"},{"time":2.8333,"x":1,"y":1}]},"ice_crytals":{"rotate":[{"time":0,"angle":0,"curve":"stepped"},{"time":2.8333,"angle":0}],"translate":[{"time":0,"x":0,"y":0,"curve":"stepped"},{"time":2.8333,"x":0,"y":0}],"scale":[{"time":0,"x":1,"y":1,"curve":"stepped"},{"time":2.8333,"x":1,"y":1}]},"ice_ring":{"rotate":[{"time":0,"angle":0,"curve":"stepped"},{"time":2.8333,"angle":0}],"translate":[{"time":0,"x":0,"y":0,"curve":"stepped"},{"time":2.8333,"x":0,"y":0}],"scale":[{"time":0,"x":0,"y":0,"curve":[0.25,0,0.75,1]},{"time":0.5,"x":1.05,"y":1.05,"curve":[0.25,0,0.75,1]},{"time":2.5,"x":1,"y":1,"curve":"stepped"},{"time":2.8333,"x":1,"y":1}]},"ice_splat":{"rotate":[{"time":0,"angle":0,"curve":"stepped"},{"time":2.8333,"angle":0}],"translate":[{"time":0,"x":0,"y":0,"curve":"stepped"},{"time":2.8333,"x":0,"y":0}],"scale":[{"time":0,"x":0,"y":0},{"time":0.3333,"x":1,"y":1,"curve":"stepped"},{"time":2.3333,"x":1,"y":1},{"time":2.5,"x":0,"y":0,"curve":"stepped"},{"time":2.8333,"x":0,"y":0}]},"star":{"rotate":[{"time":0,"angle":0,"curve":"stepped"},{"time":0.2,"angle":0,"curve":[0.25,0,0.75,1]},{"time":1.2,"angle":180},{"time":2.8333,"angle":-180}],"translate":[{"time":0,"x":0,"y":0,"curve":"stepped"},{"time":0.2,"x":0,"y":0,"curve":[0.25,0,0.75,1]},{"time":1.2,"x":0,"y":-5,"curve":"stepped"},{"time":2.8333,"x":0,"y":-5}],"scale":[{"time":0,"x":0,"y":0,"curve":[0.25,0,0.75,1]},{"time":0.2,"x":1,"y":1,"curve":[0.25,0,0.75,1]},{"time":1,"x":0.7,"y":0.8,"curve":[0.25,0,0.75,1]},{"time":1.2,"x":0,"y":0,"curve":"stepped"},{"time":2.8333,"x":0,"y":0}]},"star2":{"rotate":[{"time":0,"angle":0,"curve":"stepped"},{"time":0.6,"angle":0,"curve":[0.25,0,0.75,1]},{"time":1.6,"angle":180},{"time":2.8333,"angle":-180}],"translate":[{"time":0,"x":0,"y":0,"curve":"stepped"},{"time":0.6,"x":0,"y":0,"curve":[0.25,0,0.75,1]},{"time":1.6,"x":0,"y":-15,"curve":"stepped"},{"time":2.8333,"x":0,"y":-15}],"scale":[{"time":0,"x":0,"y":0,"curve":[0.25,0,0.75,1]},{"time":0.6,"x":1,"y":1,"curve":[0.25,0,0.75,1]},{"time":1.4,"x":0.7,"y":0.8,"curve":[0.25,0,0.75,1]},{"time":1.6,"x":0,"y":0,"curve":"stepped"},{"time":2.8333,"x":0,"y":0}]},"star3":{"rotate":[{"time":0,"angle":0,"curve":"stepped"},{"time":1,"angle":0,"curve":[0.25,0,0.75,1]},{"time":2,"angle":180},{"time":2.8333,"angle":-180}],"translate":[{"time":0,"x":0,"y":0,"curve":"stepped"},{"time":1,"x":0,"y":0,"curve":[0.25,0,0.75,1]},{"time":2,"x":0,"y":-14,"curve":"stepped"},{"time":2.8333,"x":0,"y":-14}],"scale":[{"time":0,"x":0,"y":0,"curve":[0.25,0,0.75,1]},{"time":1,"x":1,"y":1,"curve":[0.25,0,0.75,1]},{"time":1.8,"x":0.7,"y":0.8,"curve":[0.25,0,0.75,1]},{"time":2,"x":0,"y":0,"curve":"stepped"},{"time":2.8333,"x":0,"y":0}]},"star4":{"rotate":[{"time":0,"angle":0,"curve":"stepped"},{"time":1.8,"angle":0,"curve":[0.25,0,0.75,1]},{"time":2.8333,"angle":-180}],"translate":[{"time":0,"x":0,"y":0,"curve":"stepped"},{"time":1.8,"x":0,"y":0,"curve":[0.25,0,0.75,1]},{"time":2.8333,"x":0,"y":-15}],"scale":[{"time":0,"x":0,"y":0,"curve":[0.25,0,0.75,1]},{"time":1.8,"x":1,"y":1,"curve":[0.25,0,0.75,1]},{"time":2.6,"x":0.7,"y":0.8,"curve":[0.25,0,0.75,1]},{"time":2.8333,"x":0,"y":0}]},"star5":{"rotate":[{"time":0,"angle":0,"curve":"stepped"},{"time":0.4,"angle":0,"curve":[0.25,0,0.75,1]},{"time":1.6,"angle":180},{"time":2.8333,"angle":-180}],"translate":[{"time":0,"x":0,"y":0,"curve":"stepped"},{"time":0.4,"x":0,"y":0,"curve":[0.25,0,0.75,1]},{"time":1.6,"x":0,"y":-34,"curve":"stepped"},{"time":2.8333,"x":0,"y":-34}],"scale":[{"time":0,"x":0,"y":0,"curve":[0.25,0,0.75,1]},{"time":0.4,"x":1,"y":1,"curve":[0.25,0,0.75,1]},{"time":1.3333,"x":0.7,"y":0.8,"curve":[0.25,0,0.75,1]},{"time":1.6,"x":0,"y":0,"curve":"stepped"},{"time":2.8333,"x":0,"y":0}]},"star6":{"rotate":[{"time":0,"angle":0,"curve":"stepped"},{"time":1.2,"angle":0,"curve":[0.25,0,0.75,1]},{"time":2.2,"angle":180},{"time":2.8333,"angle":-180}],"translate":[{"time":0,"x":0,"y":0,"curve":"stepped"},{"time":1.2,"x":0,"y":0,"curve":[0.25,0,0.75,1]},{"time":2.2,"x":0,"y":-15,"curve":"stepped"},{"time":2.8333,"x":0,"y":-15}],"scale":[{"time":0,"x":0,"y":0,"curve":[0.25,0,0.75,1]},{"time":1.2,"x":1,"y":1,"curve":[0.25,0,0.75,1]},{"time":2,"x":0.7,"y":0.8,"curve":[0.25,0,0.75,1]},{"time":2.2,"x":0,"y":0,"curve":"stepped"},{"time":2.8333,"x":0,"y":0}]},"star7":{"rotate":[{"time":0,"angle":0,"curve":"stepped"},{"time":1.8,"angle":0,"curve":[0.25,0,0.75,1]},{"time":2.8333,"angle":-180}],"translate":[{"time":0,"x":0,"y":0,"curve":"stepped"},{"time":1.8,"x":0,"y":0,"curve":[0.25,0,0.75,1]},{"time":2.8333,"x":-5,"y":-20}],"scale":[{"time":0,"x":0,"y":0,"curve":[0.25,0,0.75,1]},{"time":1.8,"x":1,"y":1,"curve":[0.25,0,0.75,1]},{"time":2.6,"x":0.7,"y":0.8,"curve":[0.25,0,0.75,1]},{"time":2.8333,"x":0,"y":0}]},"star8":{"rotate":[{"time":0,"angle":0,"curve":"stepped"},{"time":0.8,"angle":0,"curve":[0.25,0,0.75,1]},{"time":2.4,"angle":180},{"time":2.8333,"angle":-180}],"translate":[{"time":0,"x":0,"y":0,"curve":"stepped"},{"time":0.8,"x":0,"y":0,"curve":[0.25,0,0.75,1]},{"time":2.4,"x":0,"y":-15,"curve":"stepped"},{"time":2.8333,"x":0,"y":-15}],"scale":[{"time":0,"x":0,"y":0,"curve":[0.25,0,0.75,1]},{"time":0.8,"x":1,"y":1,"curve":[0.25,0,0.75,1]},{"time":2.2,"x":0.7,"y":0.8,"curve":[0.25,0,0.75,1]},{"time":2.4,"x":0,"y":0,"curve":"stepped"},{"time":2.8333,"x":0,"y":0}]},"star9":{"rotate":[{"time":0,"angle":0,"curve":"stepped"},{"time":0.4,"angle":0,"curve":[0.25,0,0.75,1]},{"time":2,"angle":180},{"time":2.8333,"angle":-180}],"translate":[{"time":0,"x":0,"y":0,"curve":"stepped"},{"time":0.4,"x":0,"y":0,"curve":[0.25,0,0.75,1]},{"time":2,"x":4,"y":-15,"curve":"stepped"},{"time":2.8333,"x":4,"y":-15}],"scale":[{"time":0,"x":0,"y":0,"curve":[0.25,0,0.75,1]},{"time":0.4,"x":1,"y":1,"curve":[0.25,0,0.75,1]},{"time":1.8,"x":0.7,"y":0.8,"curve":[0.25,0,0.75,1]},{"time":2,"x":0,"y":0,"curve":"stepped"},{"time":2.8333,"x":0,"y":0}]},"star10":{"rotate":[{"time":0,"angle":0,"curve":"stepped"},{"time":0.4,"angle":0,"curve":[0.25,0,0.75,1]},{"time":2,"angle":180},{"time":2.8333,"angle":-180}],"translate":[{"time":0,"x":0,"y":0,"curve":"stepped"},{"time":0.4,"x":0,"y":0,"curve":"stepped"},{"time":2.8333,"x":0,"y":0}],"scale":[{"time":0,"x":0,"y":0,"curve":[0.25,0,0.75,1]},{"time":0.4,"x":1,"y":1,"curve":[0.25,0,0.75,1]},{"time":1.8,"x":0.7,"y":0.8,"curve":[0.25,0,0.75,1]},{"time":2,"x":0,"y":0,"curve":"stepped"},{"time":2.8333,"x":0,"y":0}]},"star11":{"rotate":[{"time":0,"angle":0,"curve":"stepped"},{"time":0.8,"angle":0,"curve":[0.25,0,0.75,1]},{"time":2,"angle":180},{"time":2.8333,"angle":-180}],"translate":[{"time":0,"x":0,"y":0,"curve":"stepped"},{"time":0.8,"x":0,"y":0,"curve":"stepped"},{"time":2.8333,"x":0,"y":0}],"scale":[{"time":0,"x":0,"y":0,"curve":[0.25,0,0.75,1]},{"time":0.8,"x":1,"y":1,"curve":[0.25,0,0.75,1]},{"time":1.8,"x":0.7,"y":0.8,"curve":[0.25,0,0.75,1]},{"time":2,"x":0,"y":0,"curve":"stepped"},{"time":2.8333,"x":0,"y":0}]},"star12":{"rotate":[{"time":0,"angle":0,"curve":"stepped"},{"time":1.2,"angle":0,"curve":[0.25,0,0.75,1]},{"time":2.4,"angle":180},{"time":2.8333,"angle":-180}],"translate":[{"time":0,"x":0,"y":0,"curve":"stepped"},{"time":1.2,"x":0,"y":0,"curve":"stepped"},{"time":2.8333,"x":0,"y":0}],"scale":[{"time":0,"x":0,"y":0,"curve":[0.25,0,0.75,1]},{"time":1.2,"x":1,"y":1,"curve":[0.25,0,0.75,1]},{"time":2.2,"x":0.7,"y":0.8,"curve":[0.25,0,0.75,1]},{"time":2.4,"x":0,"y":0,"curve":"stepped"},{"time":2.8333,"x":0,"y":0}]},"star13":{"rotate":[{"time":0,"angle":0,"curve":"stepped"},{"time":1.6667,"angle":0,"curve":[0.25,0,0.75,1]},{"time":2.4667,"angle":180},{"time":2.8333,"angle":-180}],"translate":[{"time":0,"x":0,"y":0,"curve":"stepped"},{"time":1.6667,"x":0,"y":0,"curve":"stepped"},{"time":2.8333,"x":0,"y":0}],"scale":[{"time":0,"x":0,"y":0,"curve":[0.25,0,0.75,1]},{"time":1.6667,"x":1,"y":1,"curve":[0.25,0,0.75,1]},{"time":2.2667,"x":0.7,"y":0.8,"curve":[0.25,0,0.75,1]},{"time":2.4667,"x":0,"y":0,"curve":"stepped"},{"time":2.8333,"x":0,"y":0}]},"ice_explosive":{"rotate":[{"time":0,"angle":0,"curve":"stepped"},{"time":2.8333,"angle":0}],"translate":[{"time":0,"x":0,"y":0,"curve":"stepped"},{"time":2.8333,"x":0,"y":0}],"scale":[{"time":0,"x":1,"y":1,"curve":"stepped"},{"time":2.8333,"x":1,"y":1}]},"ice_ball_tail":{"rotate":[{"time":0,"angle":0,"curve":"stepped"},{"time":2.8333,"angle":0}],"translate":[{"time":0,"x":0,"y":0,"curve":"stepped"},{"time":2.8333,"x":0,"y":0}],"scale":[{"time":0,"x":1,"y":1,"curve":"stepped"},{"time":2.8333,"x":1,"y":1}]},"ice_ball":{"rotate":[{"time":0,"angle":0,"curve":"stepped"},{"time":2.8333,"angle":0}],"translate":[{"time":0,"x":0,"y":0,"curve":"stepped"},{"time":2.8333,"x":0,"y":0}],"scale":[{"time":0,"x":1,"y":1,"curve":"stepped"},{"time":2.8333,"x":1,"y":1}]},"root":{"rotate":[{"time":0,"angle":0,"curve":"stepped"},{"time":2.8333,"angle":0}],"translate":[{"time":0,"x":0,"y":0,"curve":"stepped"},{"time":2.8333,"x":0,"y":0}],"scale":[{"time":0,"x":1,"y":1,"curve":"stepped"},{"time":2.8333,"x":1,"y":1}]},"effect_frog":{"rotate":[{"time":0,"angle":0,"curve":"stepped"},{"time":2.8333,"angle":0}],"translate":[{"time":0,"x":0,"y":0,"curve":"stepped"},{"time":2.8333,"x":0,"y":0}],"scale":[{"time":0,"x":1,"y":1,"curve":"stepped"},{"time":2.8333,"x":1,"y":1}]}}},"animation_ice_ball":{"slots":{"egg_fog_23":{"color":[{"time":0,"color":"ffffff00"}],"attachment":[{"time":0,"name":null}]},"egg_fog_24":{"color":[{"time":0,"color":"ffffff00"}],"attachment":[{"time":0,"name":null}]},"ice_ball":{"attachment":[{"time":0,"name":"ice_ball/ice_ball_0"},{"time":0.0333,"name":"ice_ball/ice_ball_1"},{"time":0.0667,"name":"ice_ball/ice_ball_2"},{"time":0.1,"name":"ice_ball/ice_ball_3"},{"time":0.1333,"name":"ice_ball/ice_ball_4"},{"time":0.1667,"name":"ice_ball/ice_ball_5"},{"time":0.2,"name":"ice_ball/ice_ball_6"},{"time":0.2333,"name":"ice_ball/ice_ball_7"},{"time":0.2667,"name":"ice_ball/ice_ball_8"},{"time":0.3,"name":"ice_ball/ice_ball_9"},{"time":0.3333,"name":"ice_ball/ice_ball_10"},{"time":0.3667,"name":"ice_ball/ice_ball_11"},{"time":0.4,"name":"ice_ball/ice_ball_0"}]},"ice_crystal":{"attachment":[{"time":0,"name":"ice_crystal"},{"time":0.4,"name":"ice_crystal"}]},"ice_crytals":{"attachment":[{"time":0,"name":null}]},"ice_explosive":{"attachment":[{"time":0,"name":null}]},"ice_ring":{"color":[{"time":0,"color":"ffffff00"}],"attachment":[{"time":0,"name":null}]},"ice_splat2":{"color":[{"time":0,"color":"ffffffff"}],"attachment":[{"time":0,"name":null}]},"star":{"attachment":[{"time":0,"name":null}]},"star2":{"attachment":[{"time":0,"name":null}]},"star3":{"attachment":[{"time":0,"name":null}]},"star4":{"attachment":[{"time":0,"name":null}]},"star5":{"attachment":[{"time":0,"name":null}]},"star6":{"attachment":[{"time":0,"name":null}]},"star7":{"attachment":[{"time":0,"name":null}]},"star8":{"attachment":[{"time":0,"name":null}]},"star9":{"attachment":[{"time":0,"name":null}]},"star10":{"attachment":[{"time":0,"name":null}]},"star11":{"attachment":[{"time":0,"name":null}]},"star12":{"attachment":[{"time":0,"name":null}]},"star13":{"attachment":[{"time":0,"name":null}]}},"bones":{"egg_fog_23":{"rotate":[{"time":0,"angle":0,"curve":"stepped"},{"time":0.4,"angle":0}],"translate":[{"time":0,"x":0,"y":0,"curve":"stepped"},{"time":0.4,"x":0,"y":0}],"scale":[{"time":0,"x":1.1,"y":1.1,"curve":"stepped"},{"time":0.4,"x":1.1,"y":1.1}]},"egg_fog_24":{"rotate":[{"time":0,"angle":0,"curve":"stepped"},{"time":0.4,"angle":0}],"translate":[{"time":0,"x":0,"y":0,"curve":"stepped"},{"time":0.4,"x":0,"y":0}],"scale":[{"time":0,"x":1,"y":1,"curve":"stepped"},{"time":0.4,"x":1,"y":1}]},"ice_crytals":{"rotate":[{"time":0,"angle":0,"curve":"stepped"},{"time":0.4,"angle":0}],"translate":[{"time":0,"x":0,"y":0,"curve":"stepped"},{"time":0.4,"x":0,"y":0}],"scale":[{"time":0,"x":1,"y":1,"curve":"stepped"},{"time":0.4,"x":1,"y":1}]},"ice_ring":{"rotate":[{"time":0,"angle":0,"curve":"stepped"},{"time":0.4,"angle":0}],"translate":[{"time":0,"x":0,"y":0,"curve":"stepped"},{"time":0.4,"x":0,"y":0}],"scale":[{"time":0,"x":0,"y":0,"curve":"stepped"},{"time":0.4,"x":0,"y":0}]},"ice_splat":{"rotate":[{"time":0,"angle":0,"curve":"stepped"},{"time":0.4,"angle":0}],"translate":[{"time":0,"x":0,"y":0,"curve":"stepped"},{"time":0.4,"x":0,"y":0}],"scale":[{"time":0,"x":0,"y":0,"curve":"stepped"},{"time":0.4,"x":0,"y":0}]},"star":{"rotate":[{"time":0,"angle":0,"curve":"stepped"},{"time":0.4,"angle":0}],"translate":[{"time":0,"x":0,"y":0,"curve":"stepped"},{"time":0.4,"x":0,"y":0}],"scale":[{"time":0,"x":0,"y":0,"curve":"stepped"},{"time":0.4,"x":0,"y":0}]},"star2":{"rotate":[{"time":0,"angle":0,"curve":"stepped"},{"time":0.4,"angle":0}],"translate":[{"time":0,"x":0,"y":0,"curve":"stepped"},{"time":0.4,"x":0,"y":0}],"scale":[{"time":0,"x":0,"y":0,"curve":"stepped"},{"time":0.4,"x":0,"y":0}]},"star3":{"rotate":[{"time":0,"angle":0,"curve":"stepped"},{"time":0.4,"angle":0}],"translate":[{"time":0,"x":0,"y":0,"curve":"stepped"},{"time":0.4,"x":0,"y":0}],"scale":[{"time":0,"x":0,"y":0,"curve":"stepped"},{"time":0.4,"x":0,"y":0}]},"star4":{"rotate":[{"time":0,"angle":0,"curve":"stepped"},{"time":0.4,"angle":0}],"translate":[{"time":0,"x":0,"y":0,"curve":"stepped"},{"time":0.4,"x":0,"y":0}],"scale":[{"time":0,"x":0,"y":0,"curve":"stepped"},{"time":0.4,"x":0,"y":0}]},"star5":{"rotate":[{"time":0,"angle":0,"curve":"stepped"},{"time":0.4,"angle":0}],"translate":[{"time":0,"x":0,"y":0,"curve":"stepped"},{"time":0.4,"x":0,"y":0}],"scale":[{"time":0,"x":0,"y":0,"curve":"stepped"},{"time":0.4,"x":0,"y":0}]},"star6":{"rotate":[{"time":0,"angle":0,"curve":"stepped"},{"time":0.4,"angle":0}],"translate":[{"time":0,"x":0,"y":0,"curve":"stepped"},{"time":0.4,"x":0,"y":0}],"scale":[{"time":0,"x":0,"y":0,"curve":"stepped"},{"time":0.4,"x":0,"y":0}]},"star7":{"rotate":[{"time":0,"angle":0,"curve":"stepped"},{"time":0.4,"angle":0}],"translate":[{"time":0,"x":0,"y":0,"curve":"stepped"},{"time":0.4,"x":0,"y":0}],"scale":[{"time":0,"x":0,"y":0,"curve":"stepped"},{"time":0.4,"x":0,"y":0}]},"star8":{"rotate":[{"time":0,"angle":0,"curve":"stepped"},{"time":0.4,"angle":0}],"translate":[{"time":0,"x":0,"y":0,"curve":"stepped"},{"time":0.4,"x":0,"y":0}],"scale":[{"time":0,"x":0,"y":0,"curve":"stepped"},{"time":0.4,"x":0,"y":0}]},"star9":{"rotate":[{"time":0,"angle":0,"curve":"stepped"},{"time":0.4,"angle":0}],"translate":[{"time":0,"x":0,"y":0,"curve":"stepped"},{"time":0.4,"x":0,"y":0}],"scale":[{"time":0,"x":0,"y":0,"curve":"stepped"},{"time":0.4,"x":0,"y":0}]},"star10":{"rotate":[{"time":0,"angle":0,"curve":"stepped"},{"time":0.4,"angle":0}],"translate":[{"time":0,"x":0,"y":0,"curve":"stepped"},{"time":0.4,"x":0,"y":0}],"scale":[{"time":0,"x":0,"y":0,"curve":"stepped"},{"time":0.4,"x":0,"y":0}]},"star11":{"rotate":[{"time":0,"angle":0,"curve":"stepped"},{"time":0.4,"angle":0}],"translate":[{"time":0,"x":0,"y":0,"curve":"stepped"},{"time":0.4,"x":0,"y":0}],"scale":[{"time":0,"x":0,"y":0,"curve":"stepped"},{"time":0.4,"x":0,"y":0}]},"star12":{"rotate":[{"time":0,"angle":0,"curve":"stepped"},{"time":0.4,"angle":0}],"translate":[{"time":0,"x":0,"y":0,"curve":"stepped"},{"time":0.4,"x":0,"y":0}],"scale":[{"time":0,"x":0,"y":0,"curve":"stepped"},{"time":0.4,"x":0,"y":0}]},"star13":{"rotate":[{"time":0,"angle":0,"curve":"stepped"},{"time":0.4,"angle":0}],"translate":[{"time":0,"x":0,"y":0,"curve":"stepped"},{"time":0.4,"x":0,"y":0}],"scale":[{"time":0,"x":0,"y":0,"curve":"stepped"},{"time":0.4,"x":0,"y":0}]},"ice_explosive":{"rotate":[{"time":0,"angle":0,"curve":"stepped"},{"time":0.4,"angle":0}],"translate":[{"time":0,"x":0,"y":0,"curve":"stepped"},{"time":0.4,"x":0,"y":0}],"scale":[{"time":0,"x":1,"y":1,"curve":"stepped"},{"time":0.4,"x":1,"y":1}]},"ice_ball_tail":{"rotate":[{"time":0,"angle":0,"curve":"stepped"},{"time":0.4,"angle":0}],"translate":[{"time":0,"x":0,"y":0,"curve":"stepped"},{"time":0.4,"x":0,"y":0}],"scale":[{"time":0,"x":1,"y":1},{"time":0.2,"x":0.854,"y":1.053},{"time":0.4,"x":1,"y":1}]},"ice_ball":{"rotate":[{"time":0,"angle":0,"curve":"stepped"},{"time":0.4,"angle":0}],"translate":[{"time":0,"x":0,"y":0,"curve":"stepped"},{"time":0.4,"x":0,"y":0}],"scale":[{"time":0,"x":1,"y":1,"curve":"stepped"},{"time":0.4,"x":1,"y":1}]},"root":{"rotate":[{"time":0,"angle":0,"curve":"stepped"},{"time":0.4,"angle":0}],"translate":[{"time":0,"x":0,"y":0,"curve":"stepped"},{"time":0.4,"x":0,"y":0}],"scale":[{"time":0,"x":1,"y":1,"curve":"stepped"},{"time":0.4,"x":1,"y":1}]},"effect_frog":{"rotate":[{"time":0,"angle":0,"curve":"stepped"},{"time":0.4,"angle":0}],"translate":[{"time":0,"x":0,"y":0,"curve":"stepped"},{"time":0.4,"x":0,"y":0}],"scale":[{"time":0,"x":1,"y":1,"curve":"stepped"},{"time":0.4,"x":1,"y":1}]}}},"animation_ice_broken":{"slots":{"egg_fog_23":{"color":[{"time":0,"color":"ffffff00"}],"attachment":[{"time":0,"name":null}]},"egg_fog_24":{"color":[{"time":0,"color":"ffffff00"}],"attachment":[{"time":0,"name":null}]},"ice_ball":{"attachment":[{"time":0,"name":null}]},"ice_crystal":{"attachment":[{"time":0,"name":null}]},"ice_crytals":{"attachment":[{"time":0,"name":null},{"time":0.1667,"name":"Comp_ice_crytals/Comp_ice_crytals_2"},{"time":0.2,"name":"Comp_ice_crytals/Comp_ice_crytals_3"},{"time":0.2333,"name":"Comp_ice_crytals/Comp_ice_crytals_4"},{"time":0.2667,"name":"Comp_ice_crytals/Comp_ice_crytals_5"},{"time":0.3,"name":"Comp_ice_crytals/Comp_ice_crytals_6"},{"time":0.3333,"name":"Comp_ice_crytals/Comp_ice_crytals_7"},{"time":0.3667,"name":"Comp_ice_crytals/Comp_ice_crytals_8"},{"time":0.4,"name":"Comp_ice_crytals/Comp_ice_crytals_9"},{"time":0.4333,"name":"Comp_ice_crytals/Comp_ice_crytals_10"},{"time":0.4667,"name":"Comp_ice_crytals/Comp_ice_crytals_11"},{"time":0.5,"name":"Comp_ice_crytals/Comp_ice_crytals_12"},{"time":0.5333,"name":"Comp_ice_crytals/Comp_ice_crytals_13"},{"time":0.5667,"name":"Comp_ice_crytals/Comp_ice_crytals_14"},{"time":0.6,"name":"Comp_ice_crytals/Comp_ice_crytals_15"},{"time":0.6333,"name":null}]},"ice_explosive":{"attachment":[{"time":0,"name":null}]},"ice_ring":{"color":[{"time":0,"color":"ffffff00"}],"attachment":[{"time":0,"name":null}]},"ice_splat2":{"color":[{"time":0,"color":"ffffffff"}],"attachment":[{"time":0,"name":null}]},"star":{"attachment":[{"time":0,"name":null}]},"star2":{"attachment":[{"time":0,"name":null}]},"star3":{"attachment":[{"time":0,"name":null}]},"star4":{"attachment":[{"time":0,"name":null}]},"star5":{"attachment":[{"time":0,"name":null}]},"star6":{"attachment":[{"time":0,"name":null}]},"star7":{"attachment":[{"time":0,"name":null}]},"star8":{"attachment":[{"time":0,"name":null}]},"star9":{"attachment":[{"time":0,"name":null}]},"star10":{"attachment":[{"time":0,"name":null}]},"star11":{"attachment":[{"time":0,"name":null}]},"star12":{"attachment":[{"time":0,"name":null}]},"star13":{"attachment":[{"time":0,"name":null}]}},"bones":{"egg_fog_23":{"rotate":[{"time":0,"angle":0,"curve":"stepped"},{"time":0.6333,"angle":0}],"translate":[{"time":0,"x":0,"y":0,"curve":"stepped"},{"time":0.6333,"x":0,"y":0}],"scale":[{"time":0,"x":1.1,"y":1.1,"curve":"stepped"},{"time":0.6333,"x":1.1,"y":1.1}]},"egg_fog_24":{"rotate":[{"time":0,"angle":0,"curve":"stepped"},{"time":0.6333,"angle":0}],"translate":[{"time":0,"x":0,"y":0,"curve":"stepped"},{"time":0.6333,"x":0,"y":0}],"scale":[{"time":0,"x":1,"y":1,"curve":"stepped"},{"time":0.6333,"x":1,"y":1}]},"ice_crytals":{"rotate":[{"time":0,"angle":0,"curve":"stepped"},{"time":0.6333,"angle":0}],"translate":[{"time":0,"x":0,"y":0,"curve":"stepped"},{"time":0.6333,"x":0,"y":0}],"scale":[{"time":0,"x":0.545,"y":0.545,"curve":"stepped"},{"time":0.6333,"x":0.545,"y":0.545}]},"ice_ring":{"rotate":[{"time":0,"angle":0,"curve":"stepped"},{"time":0.6333,"angle":0}],"translate":[{"time":0,"x":0,"y":0,"curve":"stepped"},{"time":0.6333,"x":0,"y":0}],"scale":[{"time":0,"x":0,"y":0,"curve":"stepped"},{"time":0.6333,"x":0,"y":0}]},"ice_splat":{"rotate":[{"time":0,"angle":0,"curve":"stepped"},{"time":0.6333,"angle":0}],"translate":[{"time":0,"x":0,"y":0,"curve":"stepped"},{"time":0.6333,"x":0,"y":0}],"scale":[{"time":0,"x":0,"y":0,"curve":"stepped"},{"time":0.6333,"x":0,"y":0}]},"star":{"rotate":[{"time":0,"angle":0,"curve":"stepped"},{"time":0.6333,"angle":0}],"translate":[{"time":0,"x":0,"y":0,"curve":"stepped"},{"time":0.6333,"x":0,"y":0}],"scale":[{"time":0,"x":0,"y":0,"curve":"stepped"},{"time":0.6333,"x":0,"y":0}]},"star2":{"rotate":[{"time":0,"angle":0,"curve":"stepped"},{"time":0.6333,"angle":0}],"translate":[{"time":0,"x":0,"y":0,"curve":"stepped"},{"time":0.6333,"x":0,"y":0}],"scale":[{"time":0,"x":0,"y":0,"curve":"stepped"},{"time":0.6333,"x":0,"y":0}]},"star3":{"rotate":[{"time":0,"angle":0,"curve":"stepped"},{"time":0.6333,"angle":0}],"translate":[{"time":0,"x":0,"y":0,"curve":"stepped"},{"time":0.6333,"x":0,"y":0}],"scale":[{"time":0,"x":0,"y":0,"curve":"stepped"},{"time":0.6333,"x":0,"y":0}]},"star4":{"rotate":[{"time":0,"angle":0,"curve":"stepped"},{"time":0.6333,"angle":0}],"translate":[{"time":0,"x":0,"y":0,"curve":"stepped"},{"time":0.6333,"x":0,"y":0}],"scale":[{"time":0,"x":0,"y":0,"curve":"stepped"},{"time":0.6333,"x":0,"y":0}]},"star5":{"rotate":[{"time":0,"angle":0,"curve":"stepped"},{"time":0.6333,"angle":0}],"translate":[{"time":0,"x":0,"y":0,"curve":"stepped"},{"time":0.6333,"x":0,"y":0}],"scale":[{"time":0,"x":0,"y":0,"curve":"stepped"},{"time":0.6333,"x":0,"y":0}]},"star6":{"rotate":[{"time":0,"angle":0,"curve":"stepped"},{"time":0.6333,"angle":0}],"translate":[{"time":0,"x":0,"y":0,"curve":"stepped"},{"time":0.6333,"x":0,"y":0}],"scale":[{"time":0,"x":0,"y":0,"curve":"stepped"},{"time":0.6333,"x":0,"y":0}]},"star7":{"rotate":[{"time":0,"angle":0,"curve":"stepped"},{"time":0.6333,"angle":0}],"translate":[{"time":0,"x":0,"y":0,"curve":"stepped"},{"time":0.6333,"x":0,"y":0}],"scale":[{"time":0,"x":0,"y":0,"curve":"stepped"},{"time":0.6333,"x":0,"y":0}]},"star8":{"rotate":[{"time":0,"angle":0,"curve":"stepped"},{"time":0.6333,"angle":0}],"translate":[{"time":0,"x":0,"y":0,"curve":"stepped"},{"time":0.6333,"x":0,"y":0}],"scale":[{"time":0,"x":0,"y":0,"curve":"stepped"},{"time":0.6333,"x":0,"y":0}]},"star9":{"rotate":[{"time":0,"angle":0,"curve":"stepped"},{"time":0.6333,"angle":0}],"translate":[{"time":0,"x":0,"y":0,"curve":"stepped"},{"time":0.6333,"x":0,"y":0}],"scale":[{"time":0,"x":0,"y":0,"curve":"stepped"},{"time":0.6333,"x":0,"y":0}]},"star10":{"rotate":[{"time":0,"angle":0,"curve":"stepped"},{"time":0.6333,"angle":0}],"translate":[{"time":0,"x":0,"y":0,"curve":"stepped"},{"time":0.6333,"x":0,"y":0}],"scale":[{"time":0,"x":0,"y":0,"curve":"stepped"},{"time":0.6333,"x":0,"y":0}]},"star11":{"rotate":[{"time":0,"angle":0,"curve":"stepped"},{"time":0.6333,"angle":0}],"translate":[{"time":0,"x":0,"y":0,"curve":"stepped"},{"time":0.6333,"x":0,"y":0}],"scale":[{"time":0,"x":0,"y":0,"curve":"stepped"},{"time":0.6333,"x":0,"y":0}]},"star12":{"rotate":[{"time":0,"angle":0,"curve":"stepped"},{"time":0.6333,"angle":0}],"translate":[{"time":0,"x":0,"y":0,"curve":"stepped"},{"time":0.6333,"x":0,"y":0}],"scale":[{"time":0,"x":0,"y":0,"curve":"stepped"},{"time":0.6333,"x":0,"y":0}]},"star13":{"rotate":[{"time":0,"angle":0,"curve":"stepped"},{"time":0.6333,"angle":0}],"translate":[{"time":0,"x":0,"y":0,"curve":"stepped"},{"time":0.6333,"x":0,"y":0}],"scale":[{"time":0,"x":0,"y":0,"curve":"stepped"},{"time":0.6333,"x":0,"y":0}]},"ice_explosive":{"rotate":[{"time":0,"angle":0,"curve":"stepped"},{"time":0.6333,"angle":0}],"translate":[{"time":0,"x":0,"y":0,"curve":"stepped"},{"time":0.6333,"x":0,"y":0}],"scale":[{"time":0,"x":1,"y":1,"curve":"stepped"},{"time":0.6333,"x":1,"y":1}]},"ice_ball_tail":{"rotate":[{"time":0,"angle":0,"curve":"stepped"},{"time":0.6333,"angle":0}],"translate":[{"time":0,"x":0,"y":0,"curve":"stepped"},{"time":0.6333,"x":0,"y":0}],"scale":[{"time":0,"x":1,"y":1,"curve":"stepped"},{"time":0.6333,"x":1,"y":1}]},"ice_ball":{"rotate":[{"time":0,"angle":0,"curve":"stepped"},{"time":0.6333,"angle":0}],"translate":[{"time":0,"x":0,"y":0,"curve":"stepped"},{"time":0.6333,"x":0,"y":0}],"scale":[{"time":0,"x":1,"y":1,"curve":"stepped"},{"time":0.6333,"x":1,"y":1}]},"root":{"rotate":[{"time":0,"angle":0,"curve":"stepped"},{"time":0.6333,"angle":0}],"translate":[{"time":0,"x":0,"y":0,"curve":"stepped"},{"time":0.6333,"x":0,"y":0}],"scale":[{"time":0,"x":1,"y":1,"curve":"stepped"},{"time":0.6333,"x":1,"y":1}]},"effect_frog":{"rotate":[{"time":0,"angle":0,"curve":"stepped"},{"time":0.6333,"angle":0}],"translate":[{"time":0,"x":0,"y":0,"curve":"stepped"},{"time":0.6333,"x":0,"y":0}],"scale":[{"time":0,"x":1,"y":1,"curve":"stepped"},{"time":0.6333,"x":1,"y":1}]}}},"animation_top":{"slots":{"egg_fog_23":{"color":[{"time":0,"color":"ffffff00","curve":"stepped"},{"time":0.3333,"color":"ffffff00"},{"time":0.6333,"color":"ffffff7f"},{"time":1.2667,"color":"ffffff00","curve":"stepped"},{"time":1.3,"color":"ffffff00"},{"time":2,"color":"ffffffd3"},{"time":2.3333,"color":"ffffff00"}],"attachment":[{"time":0,"name":"egg_fog_2"},{"time":2.5,"name":"egg_fog_2"}]},"egg_fog_24":{"color":[{"time":0,"color":"ffffff00","curve":"stepped"},{"time":0.3333,"color":"ffffff00"},{"time":0.6333,"color":"ffffff7f"},{"time":1.2667,"color":"ffffffff"},{"time":1.8667,"color":"ffffff7f"},{"time":2.5,"color":"ffffff00"}],"attachment":[{"time":0,"name":"egg_fog_1"},{"time":2.5,"name":"egg_fog_1"}]},"ice_ball":{"attachment":[{"time":0,"name":null},{"time":2.8333,"name":null}]},"ice_crystal":{"attachment":[{"time":0,"name":null},{"time":2.8333,"name":null}]},"ice_crytals":{"attachment":[{"time":0,"name":null},{"time":0.1667,"name":"Comp_ice_crytals/Comp_ice_crytals_2"},{"time":0.2,"name":"Comp_ice_crytals/Comp_ice_crytals_3"},{"time":0.2333,"name":"Comp_ice_crytals/Comp_ice_crytals_4"},{"time":0.2667,"name":"Comp_ice_crytals/Comp_ice_crytals_5"},{"time":0.3,"name":"Comp_ice_crytals/Comp_ice_crytals_6"},{"time":0.3333,"name":"Comp_ice_crytals/Comp_ice_crytals_7"},{"time":0.3667,"name":"Comp_ice_crytals/Comp_ice_crytals_8"},{"time":0.4,"name":"Comp_ice_crytals/Comp_ice_crytals_9"},{"time":0.4333,"name":"Comp_ice_crytals/Comp_ice_crytals_10"},{"time":0.4667,"name":"Comp_ice_crytals/Comp_ice_crytals_11"},{"time":0.5,"name":"Comp_ice_crytals/Comp_ice_crytals_12"},{"time":0.5333,"name":"Comp_ice_crytals/Comp_ice_crytals_13"},{"time":0.5667,"name":"Comp_ice_crytals/Comp_ice_crytals_14"},{"time":0.6,"name":"Comp_ice_crytals/Comp_ice_crytals_15"},{"time":0.6333,"name":null}]},"ice_explosive":{"attachment":[{"time":0,"name":"Comp_ice_explosive/Comp_ice_explosive_2"},{"time":0.0333,"name":"Comp_ice_explosive/Comp_ice_explosive_3"},{"time":0.0333,"name":"Comp_ice_explosive/Comp_ice_explosive_4"},{"time":0.1,"name":"Comp_ice_explosive/Comp_ice_explosive_5"},{"time":0.1333,"name":"Comp_ice_explosive/Comp_ice_explosive_6"},{"time":0.1667,"name":"Comp_ice_explosive/Comp_ice_explosive_7"},{"time":0.2,"name":"Comp_ice_explosive/Comp_ice_explosive_8"},{"time":0.2333,"name":"Comp_ice_explosive/Comp_ice_explosive_9"},{"time":0.2667,"name":"Comp_ice_explosive/Comp_ice_explosive_10"},{"time":0.3,"name":"Comp_ice_explosive/Comp_ice_explosive_11"},{"time":0.3333,"name":"Comp_ice_explosive/Comp_ice_explosive_12"},{"time":0.3667,"name":"Comp_ice_explosive/Comp_ice_explosive_13"},{"time":0.4,"name":"Comp_ice_explosive/Comp_ice_explosive_14"},{"time":0.4333,"name":"Comp_ice_explosive/Comp_ice_explosive_15"},{"time":0.4667,"name":"Comp_ice_explosive/Comp_ice_explosive_16"},{"time":0.5,"name":"Comp_ice_explosive/Comp_ice_explosive_17"},{"time":0.5333,"name":"Comp_ice_explosive/Comp_ice_explosive_18"},{"time":0.5667,"name":null}]},"ice_ring":{"color":[{"time":0,"color":"ffffff00","curve":"stepped"},{"time":2.8333,"color":"ffffff00"}],"attachment":[{"time":0,"name":null},{"time":2.8333,"name":null}]},"ice_splat2":{"color":[{"time":0,"color":"ffffffff","curve":"stepped"},{"time":2.8333,"color":"ffffffff"}],"attachment":[{"time":0,"name":null},{"time":2.8333,"name":null}]},"star":{"attachment":[{"time":0,"name":null},{"time":0.2,"name":"star"},{"time":1.2,"name":null}]},"star2":{"attachment":[{"time":0,"name":null},{"time":0.6,"name":"star"},{"time":1.6,"name":null}]},"star3":{"attachment":[{"time":0,"name":null},{"time":1,"name":"star"},{"time":2,"name":null}]},"star4":{"attachment":[{"time":0,"name":null},{"time":1.8,"name":"star"},{"time":2.8333,"name":null}]},"star5":{"attachment":[{"time":0,"name":null},{"time":0.4,"name":"star"},{"time":1.6,"name":null}]},"star6":{"attachment":[{"time":0,"name":null},{"time":1.2,"name":"star"},{"time":2.2,"name":null}]},"star7":{"attachment":[{"time":0,"name":null},{"time":1.8,"name":"star"},{"time":2.8333,"name":null}]},"star8":{"attachment":[{"time":0,"name":null},{"time":0.8,"name":"star"},{"time":2.4,"name":null}]},"star9":{"attachment":[{"time":0,"name":null},{"time":0.4,"name":"star"},{"time":2,"name":null}]},"star10":{"attachment":[{"time":0,"name":null},{"time":0.4,"name":"star"},{"time":2,"name":null}]},"star11":{"attachment":[{"time":0,"name":null},{"time":0.8,"name":"star"},{"time":2,"name":null}]},"star12":{"attachment":[{"time":0,"name":null},{"time":1.2,"name":"star"},{"time":2.4,"name":null}]},"star13":{"attachment":[{"time":0,"name":null},{"time":1.6667,"name":"star"},{"time":2.4667,"name":null}]}},"bones":{"egg_fog_23":{"rotate":[{"time":0,"angle":0,"curve":"stepped"},{"time":2.8333,"angle":0}],"translate":[{"time":0,"x":0,"y":0,"curve":"stepped"},{"time":2.8333,"x":0,"y":0}],"scale":[{"time":0,"x":1.1,"y":1.1},{"time":0.6333,"x":1.15,"y":1.15},{"time":1.2667,"x":1.2,"y":1.2},{"time":1.3,"x":1,"y":1},{"time":2.5,"x":1.1,"y":1.1,"curve":"stepped"},{"time":2.8333,"x":1.1,"y":1.1}]},"egg_fog_24":{"rotate":[{"time":0,"angle":0,"curve":"stepped"},{"time":2.8333,"angle":0}],"translate":[{"time":0,"x":0,"y":0,"curve":"stepped"},{"time":2.8333,"x":0,"y":0}],"scale":[{"time":0,"x":1,"y":1},{"time":0.6333,"x":1.05,"y":1.05},{"time":1.2667,"x":1.1,"y":1.1},{"time":1.8667,"x":1.15,"y":1.15},{"time":2.5,"x":1,"y":1,"curve":"stepped"},{"time":2.8333,"x":1,"y":1}]},"ice_crytals":{"rotate":[{"time":0,"angle":0,"curve":"stepped"},{"time":2.8333,"angle":0}],"translate":[{"time":0,"x":0,"y":0,"curve":"stepped"},{"time":2.8333,"x":0,"y":0}],"scale":[{"time":0,"x":1,"y":1,"curve":"stepped"},{"time":2.8333,"x":1,"y":1}]},"ice_ring":{"rotate":[{"time":0,"angle":0,"curve":"stepped"},{"time":2.8333,"angle":0}],"translate":[{"time":0,"x":0,"y":0,"curve":"stepped"},{"time":2.8333,"x":0,"y":0}],"scale":[{"time":0,"x":0,"y":0,"curve":"stepped"},{"time":2.8333,"x":0,"y":0}]},"ice_splat":{"rotate":[{"time":0,"angle":0,"curve":"stepped"},{"time":2.8333,"angle":0}],"translate":[{"time":0,"x":0,"y":0,"curve":"stepped"},{"time":2.8333,"x":0,"y":0}],"scale":[{"time":0,"x":0,"y":0,"curve":"stepped"},{"time":2.8333,"x":0,"y":0}]},"star":{"rotate":[{"time":0,"angle":0,"curve":"stepped"},{"time":0.2,"angle":0,"curve":[0.25,0,0.75,1]},{"time":1.2,"angle":180},{"time":2.8333,"angle":-180}],"translate":[{"time":0,"x":0,"y":0,"curve":"stepped"},{"time":0.2,"x":0,"y":0,"curve":[0.25,0,0.75,1]},{"time":1.2,"x":0,"y":-5,"curve":"stepped"},{"time":2.8333,"x":0,"y":-5}],"scale":[{"time":0,"x":0,"y":0,"curve":[0.25,0,0.75,1]},{"time":0.2,"x":1,"y":1,"curve":[0.25,0,0.75,1]},{"time":1,"x":0.7,"y":0.8,"curve":[0.25,0,0.75,1]},{"time":1.2,"x":0,"y":0,"curve":"stepped"},{"time":2.8333,"x":0,"y":0}]},"star2":{"rotate":[{"time":0,"angle":0,"curve":"stepped"},{"time":0.6,"angle":0,"curve":[0.25,0,0.75,1]},{"time":1.6,"angle":180},{"time":2.8333,"angle":-180}],"translate":[{"time":0,"x":0,"y":0,"curve":"stepped"},{"time":0.6,"x":0,"y":0,"curve":[0.25,0,0.75,1]},{"time":1.6,"x":0,"y":-15,"curve":"stepped"},{"time":2.8333,"x":0,"y":-15}],"scale":[{"time":0,"x":0,"y":0,"curve":[0.25,0,0.75,1]},{"time":0.6,"x":1,"y":1,"curve":[0.25,0,0.75,1]},{"time":1.4,"x":0.7,"y":0.8,"curve":[0.25,0,0.75,1]},{"time":1.6,"x":0,"y":0,"curve":"stepped"},{"time":2.8333,"x":0,"y":0}]},"star3":{"rotate":[{"time":0,"angle":0,"curve":"stepped"},{"time":1,"angle":0,"curve":[0.25,0,0.75,1]},{"time":2,"angle":180},{"time":2.8333,"angle":-180}],"translate":[{"time":0,"x":0,"y":0,"curve":"stepped"},{"time":1,"x":0,"y":0,"curve":[0.25,0,0.75,1]},{"time":2,"x":0,"y":-14,"curve":"stepped"},{"time":2.8333,"x":0,"y":-14}],"scale":[{"time":0,"x":0,"y":0,"curve":[0.25,0,0.75,1]},{"time":1,"x":1,"y":1,"curve":[0.25,0,0.75,1]},{"time":1.8,"x":0.7,"y":0.8,"curve":[0.25,0,0.75,1]},{"time":2,"x":0,"y":0,"curve":"stepped"},{"time":2.8333,"x":0,"y":0}]},"star4":{"rotate":[{"time":0,"angle":0,"curve":"stepped"},{"time":1.8,"angle":0,"curve":[0.25,0,0.75,1]},{"time":2.8333,"angle":-180}],"translate":[{"time":0,"x":0,"y":0,"curve":"stepped"},{"time":1.8,"x":0,"y":0,"curve":[0.25,0,0.75,1]},{"time":2.8333,"x":0,"y":-15}],"scale":[{"time":0,"x":0,"y":0,"curve":[0.25,0,0.75,1]},{"time":1.8,"x":1,"y":1,"curve":[0.25,0,0.75,1]},{"time":2.6,"x":0.7,"y":0.8,"curve":[0.25,0,0.75,1]},{"time":2.8333,"x":0,"y":0}]},"star5":{"rotate":[{"time":0,"angle":0,"curve":"stepped"},{"time":0.4,"angle":0,"curve":[0.25,0,0.75,1]},{"time":1.6,"angle":180},{"time":2.8333,"angle":-180}],"translate":[{"time":0,"x":0,"y":0,"curve":"stepped"},{"time":0.4,"x":0,"y":0,"curve":[0.25,0,0.75,1]},{"time":1.6,"x":0,"y":-34,"curve":"stepped"},{"time":2.8333,"x":0,"y":-34}],"scale":[{"time":0,"x":0,"y":0,"curve":[0.25,0,0.75,1]},{"time":0.4,"x":1,"y":1,"curve":[0.25,0,0.75,1]},{"time":1.3333,"x":0.7,"y":0.8,"curve":[0.25,0,0.75,1]},{"time":1.6,"x":0,"y":0,"curve":"stepped"},{"time":2.8333,"x":0,"y":0}]},"star6":{"rotate":[{"time":0,"angle":0,"curve":"stepped"},{"time":1.2,"angle":0,"curve":[0.25,0,0.75,1]},{"time":2.2,"angle":180},{"time":2.8333,"angle":-180}],"translate":[{"time":0,"x":0,"y":0,"curve":"stepped"},{"time":1.2,"x":0,"y":0,"curve":[0.25,0,0.75,1]},{"time":2.2,"x":0,"y":-15,"curve":"stepped"},{"time":2.8333,"x":0,"y":-15}],"scale":[{"time":0,"x":0,"y":0,"curve":[0.25,0,0.75,1]},{"time":1.2,"x":1,"y":1,"curve":[0.25,0,0.75,1]},{"time":2,"x":0.7,"y":0.8,"curve":[0.25,0,0.75,1]},{"time":2.2,"x":0,"y":0,"curve":"stepped"},{"time":2.8333,"x":0,"y":0}]},"star7":{"rotate":[{"time":0,"angle":0,"curve":"stepped"},{"time":1.8,"angle":0,"curve":[0.25,0,0.75,1]},{"time":2.8333,"angle":-180}],"translate":[{"time":0,"x":0,"y":0,"curve":"stepped"},{"time":1.8,"x":0,"y":0,"curve":[0.25,0,0.75,1]},{"time":2.8333,"x":-5,"y":-20}],"scale":[{"time":0,"x":0,"y":0,"curve":[0.25,0,0.75,1]},{"time":1.8,"x":1,"y":1,"curve":[0.25,0,0.75,1]},{"time":2.6,"x":0.7,"y":0.8,"curve":[0.25,0,0.75,1]},{"time":2.8333,"x":0,"y":0}]},"star8":{"rotate":[{"time":0,"angle":0,"curve":"stepped"},{"time":0.8,"angle":0,"curve":[0.25,0,0.75,1]},{"time":2.4,"angle":180},{"time":2.8333,"angle":-180}],"translate":[{"time":0,"x":0,"y":0,"curve":"stepped"},{"time":0.8,"x":0,"y":0,"curve":[0.25,0,0.75,1]},{"time":2.4,"x":0,"y":-15,"curve":"stepped"},{"time":2.8333,"x":0,"y":-15}],"scale":[{"time":0,"x":0,"y":0,"curve":[0.25,0,0.75,1]},{"time":0.8,"x":1,"y":1,"curve":[0.25,0,0.75,1]},{"time":2.2,"x":0.7,"y":0.8,"curve":[0.25,0,0.75,1]},{"time":2.4,"x":0,"y":0,"curve":"stepped"},{"time":2.8333,"x":0,"y":0}]},"star9":{"rotate":[{"time":0,"angle":0,"curve":"stepped"},{"time":0.4,"angle":0,"curve":[0.25,0,0.75,1]},{"time":2,"angle":180},{"time":2.8333,"angle":-180}],"translate":[{"time":0,"x":0,"y":0,"curve":"stepped"},{"time":0.4,"x":0,"y":0,"curve":[0.25,0,0.75,1]},{"time":2,"x":4,"y":-15,"curve":"stepped"},{"time":2.8333,"x":4,"y":-15}],"scale":[{"time":0,"x":0,"y":0,"curve":[0.25,0,0.75,1]},{"time":0.4,"x":1,"y":1,"curve":[0.25,0,0.75,1]},{"time":1.8,"x":0.7,"y":0.8,"curve":[0.25,0,0.75,1]},{"time":2,"x":0,"y":0,"curve":"stepped"},{"time":2.8333,"x":0,"y":0}]},"star10":{"rotate":[{"time":0,"angle":0,"curve":"stepped"},{"time":0.4,"angle":0,"curve":[0.25,0,0.75,1]},{"time":2,"angle":180},{"time":2.8333,"angle":-180}],"translate":[{"time":0,"x":0,"y":0,"curve":"stepped"},{"time":0.4,"x":0,"y":0,"curve":"stepped"},{"time":2.8333,"x":0,"y":0}],"scale":[{"time":0,"x":0,"y":0,"curve":[0.25,0,0.75,1]},{"time":0.4,"x":1,"y":1,"curve":[0.25,0,0.75,1]},{"time":1.8,"x":0.7,"y":0.8,"curve":[0.25,0,0.75,1]},{"time":2,"x":0,"y":0,"curve":"stepped"},{"time":2.8333,"x":0,"y":0}]},"star11":{"rotate":[{"time":0,"angle":0,"curve":"stepped"},{"time":0.8,"angle":0,"curve":[0.25,0,0.75,1]},{"time":2,"angle":180},{"time":2.8333,"angle":-180}],"translate":[{"time":0,"x":0,"y":0,"curve":"stepped"},{"time":0.8,"x":0,"y":0,"curve":"stepped"},{"time":2.8333,"x":0,"y":0}],"scale":[{"time":0,"x":0,"y":0,"curve":[0.25,0,0.75,1]},{"time":0.8,"x":1,"y":1,"curve":[0.25,0,0.75,1]},{"time":1.8,"x":0.7,"y":0.8,"curve":[0.25,0,0.75,1]},{"time":2,"x":0,"y":0,"curve":"stepped"},{"time":2.8333,"x":0,"y":0}]},"star12":{"rotate":[{"time":0,"angle":0,"curve":"stepped"},{"time":1.2,"angle":0,"curve":[0.25,0,0.75,1]},{"time":2.4,"angle":180},{"time":2.8333,"angle":-180}],"translate":[{"time":0,"x":0,"y":0,"curve":"stepped"},{"time":1.2,"x":0,"y":0,"curve":"stepped"},{"time":2.8333,"x":0,"y":0}],"scale":[{"time":0,"x":0,"y":0,"curve":[0.25,0,0.75,1]},{"time":1.2,"x":1,"y":1,"curve":[0.25,0,0.75,1]},{"time":2.2,"x":0.7,"y":0.8,"curve":[0.25,0,0.75,1]},{"time":2.4,"x":0,"y":0,"curve":"stepped"},{"time":2.8333,"x":0,"y":0}]},"star13":{"rotate":[{"time":0,"angle":0,"curve":"stepped"},{"time":1.6667,"angle":0,"curve":[0.25,0,0.75,1]},{"time":2.4667,"angle":180},{"time":2.8333,"angle":-180}],"translate":[{"time":0,"x":0,"y":0,"curve":"stepped"},{"time":1.6667,"x":0,"y":0,"curve":"stepped"},{"time":2.8333,"x":0,"y":0}],"scale":[{"time":0,"x":0,"y":0,"curve":[0.25,0,0.75,1]},{"time":1.6667,"x":1,"y":1,"curve":[0.25,0,0.75,1]},{"time":2.2667,"x":0.7,"y":0.8,"curve":[0.25,0,0.75,1]},{"time":2.4667,"x":0,"y":0,"curve":"stepped"},{"time":2.8333,"x":0,"y":0}]},"ice_explosive":{"rotate":[{"time":0,"angle":0,"curve":"stepped"},{"time":2.8333,"angle":0}],"translate":[{"time":0,"x":0,"y":0,"curve":"stepped"},{"time":2.8333,"x":0,"y":0}],"scale":[{"time":0,"x":1,"y":1,"curve":"stepped"},{"time":2.8333,"x":1,"y":1}]},"ice_ball_tail":{"rotate":[{"time":0,"angle":0,"curve":"stepped"},{"time":2.8333,"angle":0}],"translate":[{"time":0,"x":0,"y":0,"curve":"stepped"},{"time":2.8333,"x":0,"y":0}],"scale":[{"time":0,"x":1,"y":1,"curve":"stepped"},{"time":2.8333,"x":1,"y":1}]},"ice_ball":{"rotate":[{"time":0,"angle":0,"curve":"stepped"},{"time":2.8333,"angle":0}],"translate":[{"time":0,"x":0,"y":0,"curve":"stepped"},{"time":2.8333,"x":0,"y":0}],"scale":[{"time":0,"x":1,"y":1,"curve":"stepped"},{"time":2.8333,"x":1,"y":1}]},"root":{"rotate":[{"time":0,"angle":0,"curve":"stepped"},{"time":2.8333,"angle":0}],"translate":[{"time":0,"x":0,"y":0,"curve":"stepped"},{"time":2.8333,"x":0,"y":0}],"scale":[{"time":0,"x":1,"y":1,"curve":"stepped"},{"time":2.8333,"x":1,"y":1}]},"effect_frog":{"rotate":[{"time":0,"angle":0,"curve":"stepped"},{"time":2.8333,"angle":0}],"translate":[{"time":0,"x":0,"y":0,"curve":"stepped"},{"time":2.8333,"x":0,"y":0}],"scale":[{"time":0,"x":1,"y":1,"curve":"stepped"},{"time":2.8333,"x":1,"y":1}]}}}}}