{"skeleton":{"hash":"1LRXJ/XQ95WZg7clxhuSkQpAOTk","spine":"3.6.53","width":640,"height":1138,"images":"./images/"},"bones":[{"name":"root"},{"name":"background","parent":"root","y":-385},{"name":"comp_explore","parent":"root","color":"ffb000ff"},{"name":"crack","parent":"root"},{"name":"fire_ball_0","parent":"root"},{"name":"fire_ball_2","parent":"fire_ball_0","x":-0.2,"y":18.26},{"name":"flash_effect","parent":"root","color":"0beb05ff"},{"name":"smoke","parent":"root","x":-2,"y":-1}],"slots":[{"name":"bg_sample","bone":"background"},{"name":"circle_lava","bone":"root","color":"ffffffad","attachment":"circle_lava","blend":"additive"},{"name":"crack","bone":"crack","color":"6a1818bd","attachment":"crack","blend":"multiply"},{"name":"crack2","bone":"crack","attachment":"crack","blend":"additive"},{"name":"BATTLE_screen_top","bone":"background"},{"name":"comp_explore/comp_explore_0","bone":"comp_explore","attachment":"comp_explore/comp_explore_0","blend":"additive"},{"name":"circle_lava2","bone":"flash_effect","attachment":"circle_lava","blend":"additive"},{"name":"flash_white","bone":"flash_effect","color":"ffffff7e","attachment":"flash_white","blend":"additive"},{"name":"comp_smoke","bone":"smoke","attachment":"comp_rock+smoke/comp_smoke_16","blend":"multiply"},{"name":"fire_ball_0","bone":"fire_ball_2","attachment":"fire_ball_0"},{"name":"fire_ball_trail","bone":"fire_ball_0","attachment":"comp_fire_ball/comp_fire_ball_0","blend":"additive"}],"skins":{"default":{"circle_lava":{"circle_lava":{"scaleX":2,"scaleY":2,"width":109,"height":110}},"circle_lava2":{"circle_lava":{"scaleX":2,"scaleY":2,"width":109,"height":110}},"comp_explore/comp_explore_0":{"comp_explore/comp_explore_0":{"x":-0.16,"scaleX":2,"scaleY":2,"width":140,"height":140},"comp_explore/comp_explore_1":{"x":-0.16,"scaleX":2,"scaleY":2,"width":140,"height":140},"comp_explore/comp_explore_2":{"x":-0.16,"scaleX":2,"scaleY":2,"width":140,"height":140},"comp_explore/comp_explore_3":{"x":-0.16,"scaleX":2,"scaleY":2,"width":140,"height":140},"comp_explore/comp_explore_4":{"x":-0.16,"scaleX":2,"scaleY":2,"width":140,"height":140},"comp_explore/comp_explore_5":{"x":-0.16,"scaleX":2,"scaleY":2,"width":140,"height":140},"comp_explore/comp_explore_6":{"x":-0.16,"scaleX":2,"scaleY":2,"width":140,"height":140},"comp_explore/comp_explore_7":{"x":-0.16,"scaleX":2,"scaleY":2,"width":140,"height":140},"comp_explore/comp_explore_8":{"x":-0.16,"scaleX":2,"scaleY":2,"width":140,"height":140},"comp_explore/comp_explore_9":{"x":-0.16,"scaleX":2,"scaleY":2,"width":140,"height":140},"comp_explore/comp_explore_10":{"x":-0.16,"scaleX":2,"scaleY":2,"width":140,"height":140},"comp_explore/comp_explore_11":{"x":-0.16,"scaleX":2,"scaleY":2,"width":140,"height":140},"comp_explore/comp_explore_12":{"x":-0.16,"scaleX":2,"scaleY":2,"width":140,"height":140},"comp_explore/comp_explore_13":{"x":-0.16,"scaleX":2,"scaleY":2,"width":140,"height":140},"comp_explore/comp_explore_14":{"x":-0.16,"scaleX":2,"scaleY":2,"width":140,"height":140},"comp_explore/comp_explore_15":{"x":-0.16,"scaleX":2,"scaleY":2,"width":140,"height":140},"comp_explore/comp_explore_16":{"x":-0.16,"scaleX":2,"scaleY":2,"width":140,"height":140},"comp_explore/comp_explore_17":{"x":-0.16,"scaleX":2,"scaleY":2,"width":140,"height":140},"comp_explore/comp_explore_18":{"x":-0.16,"scaleX":2,"scaleY":2,"width":140,"height":140},"comp_explore/comp_explore_19":{"x":-0.16,"scaleX":2,"scaleY":2,"width":140,"height":140},"comp_explore/comp_explore_20":{"x":-0.16,"scaleX":2,"scaleY":2,"width":140,"height":140},"comp_explore/comp_explore_21":{"x":-0.16,"scaleX":2,"scaleY":2,"width":140,"height":140},"comp_explore/comp_explore_22":{"x":-0.16,"scaleX":2,"scaleY":2,"width":140,"height":140},"comp_explore/comp_explore_23":{"x":-0.16,"scaleX":2,"scaleY":2,"width":140,"height":140},"comp_explore/comp_explore_24":{"x":-0.16,"scaleX":2,"scaleY":2,"width":140,"height":140},"comp_explore/comp_explore_25":{"x":-0.16,"scaleX":2,"scaleY":2,"width":140,"height":140},"comp_explore/comp_explore_26":{"x":-0.16,"scaleX":2,"scaleY":2,"width":140,"height":140},"comp_explore/comp_explore_27":{"x":-0.16,"scaleX":2,"scaleY":2,"width":140,"height":140},"comp_explore/comp_explore_28":{"x":-0.16,"scaleX":2,"scaleY":2,"width":140,"height":140},"comp_explore/comp_explore_29":{"x":-0.16,"scaleX":2,"scaleY":2,"width":140,"height":140}},"comp_smoke":{"comp_rock+smoke/comp_smoke_0":{"x":3.07,"y":28.42,"scaleX":2,"scaleY":2,"width":25,"height":50},"comp_rock+smoke/comp_smoke_1":{"x":3.07,"y":28.42,"scaleX":2,"scaleY":2,"width":25,"height":50},"comp_rock+smoke/comp_smoke_2":{"x":3.07,"y":28.42,"scaleX":2,"scaleY":2,"width":25,"height":50},"comp_rock+smoke/comp_smoke_3":{"x":3.07,"y":28.42,"scaleX":2,"scaleY":2,"width":25,"height":50},"comp_rock+smoke/comp_smoke_4":{"x":3.07,"y":28.42,"scaleX":2,"scaleY":2,"width":25,"height":50},"comp_rock+smoke/comp_smoke_5":{"x":3.07,"y":28.42,"scaleX":2,"scaleY":2,"width":25,"height":50},"comp_rock+smoke/comp_smoke_6":{"x":3.07,"y":28.42,"scaleX":2,"scaleY":2,"width":25,"height":50},"comp_rock+smoke/comp_smoke_7":{"x":3.07,"y":28.42,"scaleX":2,"scaleY":2,"width":25,"height":50},"comp_rock+smoke/comp_smoke_8":{"x":3.07,"y":28.42,"scaleX":2,"scaleY":2,"width":25,"height":50},"comp_rock+smoke/comp_smoke_9":{"x":3.07,"y":28.42,"scaleX":2,"scaleY":2,"width":25,"height":50},"comp_rock+smoke/comp_smoke_10":{"x":3.07,"y":28.42,"scaleX":2,"scaleY":2,"width":25,"height":50},"comp_rock+smoke/comp_smoke_11":{"x":3.07,"y":28.42,"scaleX":2,"scaleY":2,"width":25,"height":50},"comp_rock+smoke/comp_smoke_12":{"x":3.07,"y":28.42,"scaleX":2,"scaleY":2,"width":25,"height":50},"comp_rock+smoke/comp_smoke_13":{"x":3.07,"y":28.42,"scaleX":2,"scaleY":2,"width":25,"height":50},"comp_rock+smoke/comp_smoke_14":{"x":3.07,"y":28.42,"scaleX":2,"scaleY":2,"width":25,"height":50},"comp_rock+smoke/comp_smoke_15":{"x":3.07,"y":28.42,"scaleX":2,"scaleY":2,"width":25,"height":50},"comp_rock+smoke/comp_smoke_16":{"x":3.07,"y":28.42,"scaleX":2,"scaleY":2,"width":25,"height":50},"comp_rock+smoke/comp_smoke_17":{"x":3.07,"y":28.42,"scaleX":2,"scaleY":2,"width":25,"height":50}},"crack":{"crack":{"width":160,"height":160}},"crack2":{"crack":{"width":160,"height":160}},"fire_ball_0":{"fire_ball_0":{"x":0.2,"width":70,"height":69}},"fire_ball_trail":{"comp_fire_ball/comp_fire_ball_0":{"x":-0.07,"y":58.9,"scaleX":2,"scaleY":2.245,"width":50,"height":75},"comp_fire_ball/comp_fire_ball_1":{"x":-0.07,"y":58.9,"scaleX":2,"scaleY":2.245,"width":50,"height":75},"comp_fire_ball/comp_fire_ball_2":{"x":-0.07,"y":58.9,"scaleX":2,"scaleY":2.245,"width":50,"height":75},"comp_fire_ball/comp_fire_ball_3":{"x":-0.07,"y":58.9,"scaleX":2,"scaleY":2.245,"width":50,"height":75},"comp_fire_ball/comp_fire_ball_4":{"x":-0.07,"y":58.9,"scaleX":2,"scaleY":2.245,"width":50,"height":75},"comp_fire_ball/comp_fire_ball_5":{"x":-0.07,"y":58.9,"scaleX":2,"scaleY":2.245,"width":50,"height":75},"comp_fire_ball/comp_fire_ball_6":{"x":-0.07,"y":58.9,"scaleX":2,"scaleY":2.245,"width":50,"height":75},"comp_fire_ball/comp_fire_ball_7":{"x":-0.07,"y":58.9,"scaleX":2,"scaleY":2.245,"width":50,"height":75},"comp_fire_ball/comp_fire_ball_8":{"x":-0.07,"y":58.9,"scaleX":2,"scaleY":2.245,"width":50,"height":75},"comp_fire_ball/comp_fire_ball_9":{"x":-0.07,"y":58.9,"scaleX":2,"scaleY":2.245,"width":50,"height":75},"comp_fire_ball/comp_fire_ball_10":{"x":-0.07,"y":58.9,"scaleX":2,"scaleY":2.245,"width":50,"height":75},"comp_fire_ball/comp_fire_ball_11":{"x":-0.07,"y":58.9,"scaleX":2,"scaleY":2.245,"width":50,"height":75},"comp_fire_ball/comp_fire_ball_12":{"x":-0.07,"y":58.9,"scaleX":2,"scaleY":2.245,"width":50,"height":75},"comp_fire_ball/comp_fire_ball_13":{"x":-0.07,"y":58.9,"scaleX":2,"scaleY":2.245,"width":50,"height":75},"comp_fire_ball/comp_fire_ball_14":{"x":-0.07,"y":58.9,"scaleX":2,"scaleY":2.245,"width":50,"height":75}},"flash_white":{"flash_white":{"y":47.99,"scaleX":1.925,"scaleY":1.906,"width":100,"height":75}}}},"animations":{"animation_bottom":{"slots":{"circle_lava":{"color":[{"time":0,"color":"ffffff00","curve":"stepped"},{"time":0.3333,"color":"ffffff00"},{"time":0.5,"color":"ffffffff"},{"time":0.6667,"color":"ffffff8f"},{"time":1.1667,"color":"ffffff3b"},{"time":1.5,"color":"ffffff00","curve":"stepped"},{"time":2,"color":"ffffff00"}],"attachment":[{"time":0,"name":"circle_lava"},{"time":2,"name":"circle_lava"}]},"circle_lava2":{"color":[{"time":0,"color":"ffffffff","curve":"stepped"},{"time":2,"color":"ffffffff"}]},"comp_explore/comp_explore_0":{"attachment":[{"time":0,"name":null},{"time":2,"name":null}]},"comp_smoke":{"attachment":[{"time":0,"name":null},{"time":2,"name":null}]},"crack":{"color":[{"time":0,"color":"2f0d0900","curve":[0.25,0,0.75,1]},{"time":0.3333,"color":"2f0e0abe","curve":"stepped"},{"time":1,"color":"2f0e0abe","curve":"stepped"},{"time":1.5,"color":"2f0e0abe","curve":[0.25,0,0.75,1]},{"time":2,"color":"2f0d0900"}],"attachment":[{"time":0,"name":"crack"},{"time":2,"name":"crack"}]},"crack2":{"color":[{"time":0,"color":"ffffff00","curve":"stepped"},{"time":0.3333,"color":"ffffff00","curve":[0.25,0,0.75,1]},{"time":0.5,"color":"ffffffff","curve":"stepped"},{"time":1,"color":"ffffffff","curve":[0.25,0,0.75,1]},{"time":1.6667,"color":"ffffff00","curve":"stepped"},{"time":2,"color":"ffffff00"}],"attachment":[{"time":0,"name":"crack"},{"time":2,"name":"crack"}]},"fire_ball_0":{"attachment":[{"time":0,"name":null}]},"fire_ball_trail":{"attachment":[{"time":0,"name":null}]},"flash_white":{"color":[{"time":0,"color":"ffffffff","curve":"stepped"},{"time":2,"color":"ffffffff"}]}},"bones":{"crack":{"scale":[{"time":0,"x":0,"y":0,"curve":[0.25,0,0.75,1]},{"time":0.3333,"x":1,"y":1,"curve":"stepped"},{"time":1,"x":1,"y":1}]},"flash_effect":{"scale":[{"time":0,"x":0,"y":0}]}}},"animation_fireball":{"slots":{"circle_lava":{"attachment":[{"time":0,"name":null}]},"circle_lava2":{"attachment":[{"time":0,"name":null}]},"comp_explore/comp_explore_0":{"attachment":[{"time":0,"name":null}]},"crack":{"attachment":[{"time":0,"name":null}]},"crack2":{"attachment":[{"time":0,"name":null}]},"fire_ball_0":{"attachment":[{"time":0,"name":"fire_ball_0"},{"time":0.5,"name":"fire_ball_0"}]},"fire_ball_trail":{"attachment":[{"time":0,"name":"comp_fire_ball/comp_fire_ball_0"},{"time":0.0333,"name":"comp_fire_ball/comp_fire_ball_1"},{"time":0.0667,"name":"comp_fire_ball/comp_fire_ball_2"},{"time":0.1,"name":"comp_fire_ball/comp_fire_ball_3"},{"time":0.1333,"name":"comp_fire_ball/comp_fire_ball_4"},{"time":0.1667,"name":"comp_fire_ball/comp_fire_ball_5"},{"time":0.2,"name":"comp_fire_ball/comp_fire_ball_6"},{"time":0.2333,"name":"comp_fire_ball/comp_fire_ball_7"},{"time":0.2667,"name":"comp_fire_ball/comp_fire_ball_8"},{"time":0.3,"name":"comp_fire_ball/comp_fire_ball_9"},{"time":0.3333,"name":"comp_fire_ball/comp_fire_ball_10"},{"time":0.3667,"name":"comp_fire_ball/comp_fire_ball_11"},{"time":0.4,"name":"comp_fire_ball/comp_fire_ball_12"},{"time":0.4333,"name":"comp_fire_ball/comp_fire_ball_13"},{"time":0.4667,"name":"comp_fire_ball/comp_fire_ball_14"},{"time":0.5,"name":"comp_fire_ball/comp_fire_ball_0"}]},"flash_white":{"attachment":[{"time":0,"name":null}]}},"bones":{"fire_ball_0":{"scale":[{"time":0,"x":1,"y":1.401,"curve":[0.25,0,0.75,1]},{"time":0.1667,"x":1,"y":1.35,"curve":[0.25,0,0.75,1]},{"time":0.3333,"x":1,"y":1.45,"curve":[0.25,0,0.75,1]},{"time":0.5,"x":1,"y":1.401}]},"fire_ball_2":{"rotate":[{"time":0,"angle":-112.5,"curve":[0.25,0,0.75,1]},{"time":0.1,"angle":180,"curve":[0.25,0,0.75,1]},{"time":0.3333,"angle":0,"curve":[0.25,0,0.75,1]},{"time":0.5,"angle":-112.5}]}}},"animation_full":{"slots":{"circle_lava":{"color":[{"time":0,"color":"ffffff00","curve":"stepped"},{"time":0.3333,"color":"ffffff00"},{"time":0.5,"color":"ffffffff"},{"time":0.6667,"color":"ffffff8f"},{"time":1.1667,"color":"ffffff3b"},{"time":1.5,"color":"ffffff00"}],"attachment":[{"time":0,"name":"circle_lava"}]},"circle_lava2":{"color":[{"time":0,"color":"ffffffff"},{"time":0.3333,"color":"ffffff78"},{"time":0.5,"color":"ffffff00"}]},"comp_explore/comp_explore_0":{"attachment":[{"time":0,"name":"comp_explore/comp_explore_0"},{"time":0.0333,"name":"comp_explore/comp_explore_1"},{"time":0.0667,"name":"comp_explore/comp_explore_2"},{"time":0.1,"name":"comp_explore/comp_explore_3"},{"time":0.1333,"name":"comp_explore/comp_explore_4"},{"time":0.1667,"name":"comp_explore/comp_explore_5"},{"time":0.2,"name":"comp_explore/comp_explore_6"},{"time":0.2333,"name":"comp_explore/comp_explore_7"},{"time":0.2667,"name":"comp_explore/comp_explore_8"},{"time":0.3,"name":"comp_explore/comp_explore_9"},{"time":0.3333,"name":"comp_explore/comp_explore_10"},{"time":0.3667,"name":"comp_explore/comp_explore_11"},{"time":0.4,"name":"comp_explore/comp_explore_12"},{"time":0.4333,"name":"comp_explore/comp_explore_13"},{"time":0.4667,"name":"comp_explore/comp_explore_14"},{"time":0.5,"name":"comp_explore/comp_explore_15"},{"time":0.5333,"name":"comp_explore/comp_explore_16"},{"time":0.5667,"name":"comp_explore/comp_explore_17"},{"time":0.6,"name":"comp_explore/comp_explore_18"},{"time":0.6333,"name":"comp_explore/comp_explore_19"},{"time":0.6667,"name":"comp_explore/comp_explore_20"},{"time":0.7,"name":"comp_explore/comp_explore_21"},{"time":0.7333,"name":"comp_explore/comp_explore_22"},{"time":0.7667,"name":"comp_explore/comp_explore_23"},{"time":0.8,"name":"comp_explore/comp_explore_24"},{"time":0.8333,"name":"comp_explore/comp_explore_25"},{"time":0.8667,"name":"comp_explore/comp_explore_26"},{"time":0.9,"name":"comp_explore/comp_explore_27"},{"time":0.9333,"name":"comp_explore/comp_explore_28"},{"time":0.9667,"name":"comp_explore/comp_explore_29"},{"time":1,"name":null}]},"comp_smoke":{"attachment":[{"time":0,"name":null},{"time":1.3,"name":"comp_rock+smoke/comp_smoke_0"},{"time":1.3667,"name":"comp_rock+smoke/comp_smoke_1"},{"time":1.4333,"name":"comp_rock+smoke/comp_smoke_2"},{"time":1.5,"name":"comp_rock+smoke/comp_smoke_3"},{"time":1.5667,"name":"comp_rock+smoke/comp_smoke_4"},{"time":1.6333,"name":"comp_rock+smoke/comp_smoke_5"},{"time":1.7,"name":"comp_rock+smoke/comp_smoke_6"},{"time":1.7667,"name":"comp_rock+smoke/comp_smoke_7"},{"time":1.8333,"name":"comp_rock+smoke/comp_smoke_8"},{"time":1.9,"name":"comp_rock+smoke/comp_smoke_9"},{"time":1.9667,"name":"comp_rock+smoke/comp_smoke_10"},{"time":2.0333,"name":"comp_rock+smoke/comp_smoke_11"},{"time":2.1,"name":"comp_rock+smoke/comp_smoke_12"},{"time":2.1667,"name":"comp_rock+smoke/comp_smoke_13"},{"time":2.2333,"name":"comp_rock+smoke/comp_smoke_14"},{"time":2.3,"name":"comp_rock+smoke/comp_smoke_15"},{"time":2.3667,"name":"comp_rock+smoke/comp_smoke_16"},{"time":2.4333,"name":"comp_rock+smoke/comp_smoke_17"},{"time":2.5,"name":null}]},"crack":{"color":[{"time":0,"color":"2f0d0900","curve":[0.25,0,0.75,1]},{"time":0.3333,"color":"2f0e0abe","curve":"stepped"},{"time":1,"color":"2f0e0abe","curve":"stepped"},{"time":1.5,"color":"2f0e0abe","curve":[0.25,0,0.75,1]},{"time":2,"color":"2f0d0900"}],"attachment":[{"time":0,"name":"crack"}]},"crack2":{"color":[{"time":0,"color":"ffffff00","curve":"stepped"},{"time":0.3333,"color":"ffffff00","curve":[0.25,0,0.75,1]},{"time":0.5,"color":"ffffffff","curve":"stepped"},{"time":1,"color":"ffffffff","curve":[0.25,0,0.75,1]},{"time":1.6667,"color":"ffffff00"}],"attachment":[{"time":0,"name":"crack"}]},"fire_ball_0":{"attachment":[{"time":0,"name":null}]},"fire_ball_trail":{"attachment":[{"time":0,"name":null}]},"flash_white":{"color":[{"time":0,"color":"ffffffff"},{"time":0.1667,"color":"ffffff9e"},{"time":0.5,"color":"eeac1600"}]}},"bones":{"crack":{"scale":[{"time":0,"x":0,"y":0,"curve":[0.25,0,0.75,1]},{"time":0.3333,"x":1,"y":1,"curve":"stepped"},{"time":1,"x":1,"y":1}]},"flash_effect":{"scale":[{"time":0,"x":0,"y":0},{"time":0.1667,"x":1.1,"y":1.1},{"time":0.5,"x":1.2,"y":1.2}]}}},"animation_top":{"slots":{"circle_lava":{"color":[{"time":0,"color":"ffffff00","curve":"stepped"},{"time":2.5,"color":"ffffff00"}],"attachment":[{"time":0,"name":null},{"time":2.5,"name":null}]},"circle_lava2":{"color":[{"time":0,"color":"ffffffff"},{"time":0.3333,"color":"ffffff78"},{"time":0.5,"color":"ffffff00"}]},"comp_explore/comp_explore_0":{"attachment":[{"time":0,"name":"comp_explore/comp_explore_0"},{"time":0.0333,"name":"comp_explore/comp_explore_1"},{"time":0.0667,"name":"comp_explore/comp_explore_2"},{"time":0.1,"name":"comp_explore/comp_explore_3"},{"time":0.1333,"name":"comp_explore/comp_explore_4"},{"time":0.1667,"name":"comp_explore/comp_explore_5"},{"time":0.2,"name":"comp_explore/comp_explore_6"},{"time":0.2333,"name":"comp_explore/comp_explore_7"},{"time":0.2667,"name":"comp_explore/comp_explore_8"},{"time":0.3,"name":"comp_explore/comp_explore_9"},{"time":0.3333,"name":"comp_explore/comp_explore_10"},{"time":0.3667,"name":"comp_explore/comp_explore_11"},{"time":0.4,"name":"comp_explore/comp_explore_12"},{"time":0.4333,"name":"comp_explore/comp_explore_13"},{"time":0.4667,"name":"comp_explore/comp_explore_14"},{"time":0.5,"name":"comp_explore/comp_explore_15"},{"time":0.5333,"name":"comp_explore/comp_explore_16"},{"time":0.5667,"name":"comp_explore/comp_explore_17"},{"time":0.6,"name":"comp_explore/comp_explore_18"},{"time":0.6333,"name":"comp_explore/comp_explore_19"},{"time":0.6667,"name":"comp_explore/comp_explore_20"},{"time":0.7,"name":"comp_explore/comp_explore_21"},{"time":0.7333,"name":"comp_explore/comp_explore_22"},{"time":0.7667,"name":"comp_explore/comp_explore_23"},{"time":0.8,"name":"comp_explore/comp_explore_24"},{"time":0.8333,"name":"comp_explore/comp_explore_25"},{"time":0.8667,"name":"comp_explore/comp_explore_26"},{"time":0.9,"name":"comp_explore/comp_explore_27"},{"time":0.9333,"name":"comp_explore/comp_explore_28"},{"time":0.9667,"name":"comp_explore/comp_explore_29"},{"time":1,"name":null}]},"comp_smoke":{"attachment":[{"time":0,"name":null},{"time":1.3,"name":"comp_rock+smoke/comp_smoke_0"},{"time":1.3667,"name":"comp_rock+smoke/comp_smoke_1"},{"time":1.4333,"name":"comp_rock+smoke/comp_smoke_2"},{"time":1.5,"name":"comp_rock+smoke/comp_smoke_3"},{"time":1.5667,"name":"comp_rock+smoke/comp_smoke_4"},{"time":1.6333,"name":"comp_rock+smoke/comp_smoke_5"},{"time":1.7,"name":"comp_rock+smoke/comp_smoke_6"},{"time":1.7667,"name":"comp_rock+smoke/comp_smoke_7"},{"time":1.8333,"name":"comp_rock+smoke/comp_smoke_8"},{"time":1.9,"name":"comp_rock+smoke/comp_smoke_9"},{"time":1.9667,"name":"comp_rock+smoke/comp_smoke_10"},{"time":2.0333,"name":"comp_rock+smoke/comp_smoke_11"},{"time":2.1,"name":"comp_rock+smoke/comp_smoke_12"},{"time":2.1667,"name":"comp_rock+smoke/comp_smoke_13"},{"time":2.2333,"name":"comp_rock+smoke/comp_smoke_14"},{"time":2.3,"name":"comp_rock+smoke/comp_smoke_15"},{"time":2.3667,"name":"comp_rock+smoke/comp_smoke_16"},{"time":2.4333,"name":"comp_rock+smoke/comp_smoke_17"},{"time":2.5,"name":null}]},"crack":{"color":[{"time":0,"color":"2f0d0900","curve":"stepped"},{"time":2.5,"color":"2f0d0900"}],"attachment":[{"time":0,"name":null},{"time":2.5,"name":null}]},"crack2":{"color":[{"time":0,"color":"ffffff00","curve":"stepped"},{"time":2.5,"color":"ffffff00"}],"attachment":[{"time":0,"name":null},{"time":2.5,"name":null}]},"fire_ball_0":{"attachment":[{"time":0,"name":null}]},"fire_ball_trail":{"attachment":[{"time":0,"name":null}]},"flash_white":{"color":[{"time":0,"color":"ffffffff"},{"time":0.1667,"color":"ffffff9e"},{"time":0.5,"color":"eeac1600"}]}},"bones":{"crack":{"scale":[{"time":0,"x":0,"y":0,"curve":"stepped"},{"time":2.5,"x":0,"y":0}]},"flash_effect":{"scale":[{"time":0,"x":0,"y":0},{"time":0.1667,"x":1.1,"y":1.1},{"time":0.5,"x":1.2,"y":1.2}]}}}}}