{"skeleton":{"hash":"BRlWDxSEte7KfUgh2NzT+asbCdA","spine":"3.6.53","width":642.33,"height":1138,"images":"./images/"},"bones":[{"name":"root"},{"name":"effect_buff_speed","parent":"root","y":-10},{"name":"Effect_light_pixel","parent":"effect_buff_speed","x":-1,"y":18,"scaleX":2,"scaleY":2},{"name":"circle_speed","parent":"effect_buff_speed","scaleX":0.3,"scaleY":0.3},{"name":"circle_speed2","parent":"effect_buff_speed","scaleX":1.98,"scaleY":1.98},{"name":"circle_speed_L1","parent":"effect_buff_speed","scaleX":0.5,"scaleY":0.5}],"slots":[{"name":"bg_sample","bone":"root"},{"name":"circle_speed_L1","bone":"circle_speed_L1","color":"ffffff00","attachment":"circle_speed","blend":"additive"},{"name":"circle_speed","bone":"circle_speed","color":"ffffff00","attachment":"circle_speed","blend":"additive"},{"name":"circle_speed2","bone":"circle_speed2","attachment":"circle_speed2"},{"name":"Effect_light_pixel","bone":"Effect_light_pixel","attachment":"Effect_light_pixel/Effect_light_pixel_0"}],"skins":{"default":{"Effect_light_pixel":{"Effect_light_pixel/Effect_light_pixel_0":{"x":1.67,"y":2.67,"width":320,"height":320},"Effect_light_pixel/Effect_light_pixel_1":{"x":1.67,"y":2.67,"width":320,"height":320},"Effect_light_pixel/Effect_light_pixel_2":{"x":1.67,"y":2.67,"width":320,"height":320},"Effect_light_pixel/Effect_light_pixel_3":{"x":1.67,"y":2.67,"width":320,"height":320},"Effect_light_pixel/Effect_light_pixel_4":{"x":1.67,"y":2.67,"width":320,"height":320},"Effect_light_pixel/Effect_light_pixel_5":{"x":1.67,"y":2.67,"width":320,"height":320},"Effect_light_pixel/Effect_light_pixel_6":{"x":1.67,"y":2.67,"width":320,"height":320},"Effect_light_pixel/Effect_light_pixel_7":{"x":1.67,"y":2.67,"width":320,"height":320},"Effect_light_pixel/Effect_light_pixel_8":{"x":1.67,"y":2.67,"width":320,"height":320},"Effect_light_pixel/Effect_light_pixel_9":{"x":1.67,"y":2.67,"width":320,"height":320},"Effect_light_pixel/Effect_light_pixel_10":{"x":1.67,"y":2.67,"width":320,"height":320},"Effect_light_pixel/Effect_light_pixel_11":{"x":1.67,"y":2.67,"width":320,"height":320},"Effect_light_pixel/Effect_light_pixel_12":{"x":1.67,"y":2.67,"width":320,"height":320},"Effect_light_pixel/Effect_light_pixel_13":{"x":1.67,"y":2.67,"width":320,"height":320},"Effect_light_pixel/Effect_light_pixel_14":{"x":1.67,"y":2.67,"width":320,"height":320},"Effect_light_pixel/Effect_light_pixel_15":{"x":1.67,"y":2.67,"width":320,"height":320},"Effect_light_pixel/Effect_light_pixel_16":{"x":1.67,"y":2.67,"width":320,"height":320},"Effect_light_pixel/Effect_light_pixel_17":{"x":1.67,"y":2.67,"width":320,"height":320},"Effect_light_pixel/Effect_light_pixel_18":{"x":1.67,"y":2.67,"width":320,"height":320},"Effect_light_pixel/Effect_light_pixel_19":{"x":1.67,"y":2.67,"width":320,"height":320},"Effect_light_pixel/Effect_light_pixel_20":{"x":1.67,"y":2.67,"width":320,"height":320},"Effect_light_pixel/Effect_light_pixel_21":{"x":1.67,"y":2.67,"width":320,"height":320},"Effect_light_pixel/Effect_light_pixel_22":{"x":1.67,"y":2.67,"width":320,"height":320},"Effect_light_pixel/Effect_light_pixel_23":{"x":1.67,"y":2.67,"width":320,"height":320},"Effect_light_pixel/Effect_light_pixel_24":{"x":1.67,"y":2.67,"width":320,"height":320},"Effect_light_pixel/Effect_light_pixel_25":{"x":1.67,"y":2.67,"width":320,"height":320},"Effect_light_pixel/Effect_light_pixel_26":{"x":1.67,"y":2.67,"width":320,"height":320},"Effect_light_pixel/Effect_light_pixel_27":{"x":1.67,"y":2.67,"width":320,"height":320},"Effect_light_pixel/Effect_light_pixel_28":{"x":1.67,"y":2.67,"width":320,"height":320},"Effect_light_pixel/Effect_light_pixel_29":{"x":1.67,"y":2.67,"width":320,"height":320}},"circle_speed":{"circle_speed":{"scaleX":2,"scaleY":2,"width":140,"height":140}},"circle_speed2":{"circle_speed2":{"width":150,"height":150}},"circle_speed_L1":{"circle_speed":{"scaleX":2,"scaleY":2,"width":140,"height":140}}}},"animations":{"animation_bottom":{"slots":{"Effect_light_pixel":{"attachment":[{"time":0,"name":null},{"time":1,"name":null}]},"circle_speed":{"color":[{"time":0.4155,"color":"ffffff00"},{"time":0.5378,"color":"ffffff80"},{"time":0.66,"color":"ffffffbf"},{"time":0.7333,"color":"ffffff00"}],"attachment":[{"time":0,"name":null},{"time":0.367,"name":"circle_speed"}]},"circle_speed2":{"color":[{"time":0,"color":"ffffffff"},{"time":0.5,"color":"ffffff8f"},{"time":1,"color":"ffffffff"}]},"circle_speed_L1":{"color":[{"time":0.0489,"color":"ffffff00"},{"time":0.1711,"color":"ffffff80"},{"time":0.2933,"color":"ffffffbf"},{"time":0.3667,"color":"ffffff00"}],"attachment":[{"time":0,"name":"circle_speed"},{"time":0.6673,"name":null}]}},"bones":{"circle_speed_L1":{"scale":[{"time":0,"x":1,"y":1},{"time":0.1222,"x":1.3,"y":1.3},{"time":0.3667,"x":2,"y":2}]},"circle_speed":{"scale":[{"time":0.3667,"x":1,"y":1},{"time":0.4889,"x":1.667,"y":1.667},{"time":0.7333,"x":3.333,"y":3.333}]}}},"animation_full":{"slots":{"Effect_light_pixel":{"attachment":[{"time":0,"name":"Effect_light_pixel/Effect_light_pixel_0"},{"time":0.0333,"name":"Effect_light_pixel/Effect_light_pixel_1"},{"time":0.0667,"name":"Effect_light_pixel/Effect_light_pixel_2"},{"time":0.1,"name":"Effect_light_pixel/Effect_light_pixel_3"},{"time":0.1333,"name":"Effect_light_pixel/Effect_light_pixel_4"},{"time":0.1667,"name":"Effect_light_pixel/Effect_light_pixel_5"},{"time":0.2,"name":"Effect_light_pixel/Effect_light_pixel_6"},{"time":0.2333,"name":"Effect_light_pixel/Effect_light_pixel_7"},{"time":0.2667,"name":"Effect_light_pixel/Effect_light_pixel_8"},{"time":0.3,"name":"Effect_light_pixel/Effect_light_pixel_9"},{"time":0.3333,"name":"Effect_light_pixel/Effect_light_pixel_10"},{"time":0.3667,"name":"Effect_light_pixel/Effect_light_pixel_11"},{"time":0.4,"name":"Effect_light_pixel/Effect_light_pixel_12"},{"time":0.4333,"name":"Effect_light_pixel/Effect_light_pixel_13"},{"time":0.4667,"name":"Effect_light_pixel/Effect_light_pixel_14"},{"time":0.5,"name":"Effect_light_pixel/Effect_light_pixel_15"},{"time":0.5333,"name":"Effect_light_pixel/Effect_light_pixel_16"},{"time":0.5667,"name":"Effect_light_pixel/Effect_light_pixel_17"},{"time":0.6,"name":"Effect_light_pixel/Effect_light_pixel_18"},{"time":0.6333,"name":"Effect_light_pixel/Effect_light_pixel_19"},{"time":0.6667,"name":"Effect_light_pixel/Effect_light_pixel_20"},{"time":0.7,"name":"Effect_light_pixel/Effect_light_pixel_21"},{"time":0.7333,"name":"Effect_light_pixel/Effect_light_pixel_22"},{"time":0.7667,"name":"Effect_light_pixel/Effect_light_pixel_23"},{"time":0.8,"name":"Effect_light_pixel/Effect_light_pixel_24"},{"time":0.8333,"name":"Effect_light_pixel/Effect_light_pixel_25"},{"time":0.8667,"name":"Effect_light_pixel/Effect_light_pixel_26"},{"time":0.9,"name":"Effect_light_pixel/Effect_light_pixel_27"},{"time":0.9333,"name":"Effect_light_pixel/Effect_light_pixel_28"},{"time":0.9667,"name":"Effect_light_pixel/Effect_light_pixel_29"},{"time":1,"name":"Effect_light_pixel/Effect_light_pixel_0"}]},"circle_speed":{"color":[{"time":0.4155,"color":"ffffff00"},{"time":0.5378,"color":"ffffff80"},{"time":0.66,"color":"ffffffbf"},{"time":0.7333,"color":"ffffff00"}],"attachment":[{"time":0,"name":null},{"time":0.367,"name":"circle_speed"}]},"circle_speed2":{"color":[{"time":0,"color":"ffffffff"},{"time":0.5,"color":"ffffff8f"},{"time":1,"color":"ffffffff"}]},"circle_speed_L1":{"color":[{"time":0.0489,"color":"ffffff00"},{"time":0.1711,"color":"ffffff80"},{"time":0.2933,"color":"ffffffbf"},{"time":0.3667,"color":"ffffff00"}],"attachment":[{"time":0,"name":"circle_speed"},{"time":0.6673,"name":null}]}},"bones":{"circle_speed_L1":{"scale":[{"time":0,"x":1,"y":1},{"time":0.1222,"x":1.3,"y":1.3},{"time":0.3667,"x":2,"y":2}]},"circle_speed":{"scale":[{"time":0.3667,"x":1,"y":1},{"time":0.4889,"x":1.667,"y":1.667},{"time":0.7333,"x":3.333,"y":3.333}]}}},"animation_top":{"slots":{"Effect_light_pixel":{"attachment":[{"time":0,"name":"Effect_light_pixel/Effect_light_pixel_0"},{"time":0.0333,"name":"Effect_light_pixel/Effect_light_pixel_1"},{"time":0.0667,"name":"Effect_light_pixel/Effect_light_pixel_2"},{"time":0.1,"name":"Effect_light_pixel/Effect_light_pixel_3"},{"time":0.1333,"name":"Effect_light_pixel/Effect_light_pixel_4"},{"time":0.1667,"name":"Effect_light_pixel/Effect_light_pixel_5"},{"time":0.2,"name":"Effect_light_pixel/Effect_light_pixel_6"},{"time":0.2333,"name":"Effect_light_pixel/Effect_light_pixel_7"},{"time":0.2667,"name":"Effect_light_pixel/Effect_light_pixel_8"},{"time":0.3,"name":"Effect_light_pixel/Effect_light_pixel_9"},{"time":0.3333,"name":"Effect_light_pixel/Effect_light_pixel_10"},{"time":0.3667,"name":"Effect_light_pixel/Effect_light_pixel_11"},{"time":0.4,"name":"Effect_light_pixel/Effect_light_pixel_12"},{"time":0.4333,"name":"Effect_light_pixel/Effect_light_pixel_13"},{"time":0.4667,"name":"Effect_light_pixel/Effect_light_pixel_14"},{"time":0.5,"name":"Effect_light_pixel/Effect_light_pixel_15"},{"time":0.5333,"name":"Effect_light_pixel/Effect_light_pixel_16"},{"time":0.5667,"name":"Effect_light_pixel/Effect_light_pixel_17"},{"time":0.6,"name":"Effect_light_pixel/Effect_light_pixel_18"},{"time":0.6333,"name":"Effect_light_pixel/Effect_light_pixel_19"},{"time":0.6667,"name":"Effect_light_pixel/Effect_light_pixel_20"},{"time":0.7,"name":"Effect_light_pixel/Effect_light_pixel_21"},{"time":0.7333,"name":"Effect_light_pixel/Effect_light_pixel_22"},{"time":0.7667,"name":"Effect_light_pixel/Effect_light_pixel_23"},{"time":0.8,"name":"Effect_light_pixel/Effect_light_pixel_24"},{"time":0.8333,"name":"Effect_light_pixel/Effect_light_pixel_25"},{"time":0.8667,"name":"Effect_light_pixel/Effect_light_pixel_26"},{"time":0.9,"name":"Effect_light_pixel/Effect_light_pixel_27"},{"time":0.9333,"name":"Effect_light_pixel/Effect_light_pixel_28"},{"time":0.9667,"name":"Effect_light_pixel/Effect_light_pixel_29"},{"time":1,"name":"Effect_light_pixel/Effect_light_pixel_0"}]},"circle_speed":{"color":[{"time":0.4155,"color":"ffffff00"},{"time":0.5378,"color":"ffffff80"},{"time":0.66,"color":"ffffffbf"},{"time":0.7333,"color":"ffffff00"}],"attachment":[{"time":0,"name":null},{"time":1,"name":null}]},"circle_speed2":{"color":[{"time":0,"color":"ffffffff"},{"time":0.5,"color":"ffffff8f"},{"time":1,"color":"ffffffff"}],"attachment":[{"time":0,"name":null},{"time":1,"name":null}]},"circle_speed_L1":{"color":[{"time":0.0489,"color":"ffffff00"},{"time":0.1711,"color":"ffffff80"},{"time":0.2933,"color":"ffffffbf"},{"time":0.3667,"color":"ffffff00"}],"attachment":[{"time":0,"name":null},{"time":1,"name":null}]}},"bones":{"circle_speed_L1":{"scale":[{"time":0,"x":1,"y":1},{"time":0.1222,"x":1.3,"y":1.3},{"time":0.3667,"x":2,"y":2}]},"circle_speed":{"scale":[{"time":0.3667,"x":1,"y":1},{"time":0.4889,"x":1.667,"y":1.667},{"time":0.7333,"x":3.333,"y":3.333}]}}}}}