{"skeleton":{"hash":"llx5VsUwtqzqpt/rS49aaStL03M","spine":"3.6.53","width":720,"height":1280,"images":"./images/"},"bones":[{"name":"root"},{"name":"circle","parent":"root","y":-11},{"name":"circle2","parent":"root","length":100,"y":-11,"scaleX":0.1,"scaleY":0.1},{"name":"circle_top1","parent":"root","length":100,"y":-10,"scaleX":1.05,"scaleY":1.05},{"name":"circle_top2","parent":"root","length":100,"y":-10,"scaleX":1.05,"scaleY":1.05},{"name":"circle_top3","parent":"root","length":100,"y":-10,"scaleX":1.05,"scaleY":1.05},{"name":"flash_0","parent":"root","y":135,"scaleX":1.346,"scaleY":1.123},{"name":"heal_icon","parent":"root","length":26,"rotation":90,"y":140},{"name":"heal_icon2","parent":"root","length":26,"rotation":90,"scaleX":0.4}],"slots":[{"name":"BACKGROUND","bone":"root"},{"name":"circle","bone":"circle","color":"ffffff7e","attachment":"circle","blend":"additive"},{"name":"circle2","bone":"circle2","color":"ffffff78","attachment":"circle","blend":"additive"},{"name":"circle_top1","bone":"circle_top2","attachment":"circle_top0","blend":"screen"},{"name":"circle_top2","bone":"circle_top3","attachment":"circle_top0","blend":"screen"},{"name":"circle_top3","bone":"circle_top1","attachment":"circle_top0","blend":"screen"},{"name":"flash_0","bone":"flash_0","color":"ffffff80","attachment":"flash_0","blend":"additive"},{"name":"heal_icon_0","bone":"heal_icon","attachment":"heal_icon_0"},{"name":"heal_icon_1","bone":"heal_icon2","color":"00000064","attachment":"heal_icon_0"}],"skins":{"default":{"circle":{"circle":{"scaleX":2.655,"scaleY":2.655,"width":109,"height":110}},"circle2":{"circle":{"scaleX":2.655,"scaleY":2.655,"width":109,"height":110}},"circle_top1":{"circle_top0":{"x":2,"scaleX":3.047,"scaleY":3.047,"width":100,"height":100},"circle_top1":{"x":2,"scaleX":3.047,"scaleY":3.047,"width":100,"height":100},"circle_top2":{"x":2,"scaleX":3.047,"scaleY":3.047,"width":100,"height":100},"circle_top3":{"x":2,"scaleX":3.047,"scaleY":3.047,"width":100,"height":100},"circle_top4":{"x":2,"scaleX":3.047,"scaleY":3.047,"width":100,"height":100},"circle_top5":{"x":2,"scaleX":3.047,"scaleY":3.047,"width":100,"height":100},"circle_top6":{"x":2,"scaleX":3.047,"scaleY":3.047,"width":100,"height":100},"circle_top7":{"x":2,"scaleX":3.047,"scaleY":3.047,"width":100,"height":100},"circle_top8":{"x":2,"scaleX":3.047,"scaleY":3.047,"width":100,"height":100},"circle_top9":{"x":2,"scaleX":3.047,"scaleY":3.047,"width":100,"height":100}},"circle_top2":{"circle_top0":{"x":2,"scaleX":3.047,"scaleY":3.047,"width":100,"height":100},"circle_top1":{"x":2,"scaleX":3.047,"scaleY":3.047,"width":100,"height":100},"circle_top2":{"x":2,"scaleX":3.047,"scaleY":3.047,"width":100,"height":100},"circle_top3":{"x":2,"scaleX":3.047,"scaleY":3.047,"width":100,"height":100},"circle_top4":{"x":2,"scaleX":3.047,"scaleY":3.047,"width":100,"height":100},"circle_top5":{"x":2,"scaleX":3.047,"scaleY":3.047,"width":100,"height":100},"circle_top6":{"x":2,"scaleX":3.047,"scaleY":3.047,"width":100,"height":100},"circle_top7":{"x":2,"scaleX":3.047,"scaleY":3.047,"width":100,"height":100},"circle_top8":{"x":2,"scaleX":3.047,"scaleY":3.047,"width":100,"height":100},"circle_top9":{"x":2,"scaleX":3.047,"scaleY":3.047,"width":100,"height":100}},"circle_top3":{"circle_top0":{"x":2,"scaleX":3.047,"scaleY":3.047,"width":100,"height":100},"circle_top1":{"x":2,"scaleX":3.047,"scaleY":3.047,"width":100,"height":100},"circle_top2":{"x":2,"scaleX":3.047,"scaleY":3.047,"width":100,"height":100},"circle_top3":{"x":2,"scaleX":3.047,"scaleY":3.047,"width":100,"height":100},"circle_top4":{"x":2,"scaleX":3.047,"scaleY":3.047,"width":100,"height":100},"circle_top5":{"x":2,"scaleX":3.047,"scaleY":3.047,"width":100,"height":100},"circle_top6":{"x":2,"scaleX":3.047,"scaleY":3.047,"width":100,"height":100},"circle_top7":{"x":2,"scaleX":3.047,"scaleY":3.047,"width":100,"height":100},"circle_top8":{"x":2,"scaleX":3.047,"scaleY":3.047,"width":100,"height":100},"circle_top9":{"x":2,"scaleX":3.047,"scaleY":3.047,"width":100,"height":100}},"flash_0":{"flash_0":{"y":-55,"width":216,"height":161}},"heal_icon_0":{"heal_icon_0":{"rotation":-90,"width":80,"height":80},"heal_icon_1":{"rotation":-90,"width":80,"height":80},"heal_icon_2":{"rotation":-90,"width":80,"height":80},"heal_icon_3":{"rotation":-90,"width":80,"height":80},"heal_icon_4":{"rotation":-90,"width":80,"height":80},"heal_icon_5":{"rotation":-90,"width":80,"height":80},"heal_icon_6":{"rotation":-90,"width":80,"height":80},"heal_icon_7":{"rotation":-90,"width":80,"height":80},"heal_icon_8":{"rotation":-90,"width":80,"height":80},"heal_icon_9":{"rotation":-90,"width":80,"height":80}},"heal_icon_1":{"heal_icon_0":{"rotation":-90,"width":80,"height":80},"heal_icon_1":{"rotation":-90,"width":80,"height":80},"heal_icon_2":{"rotation":-90,"width":80,"height":80},"heal_icon_3":{"rotation":-90,"width":80,"height":80},"heal_icon_4":{"rotation":-90,"width":80,"height":80},"heal_icon_5":{"rotation":-90,"width":80,"height":80},"heal_icon_6":{"rotation":-90,"width":80,"height":80},"heal_icon_7":{"rotation":-90,"width":80,"height":80},"heal_icon_8":{"rotation":-90,"width":80,"height":80},"heal_icon_9":{"rotation":-90,"width":80,"height":80}}}},"animations":{"animation_bottom":{"slots":{"circle":{"color":[{"time":0,"color":"ffffff5b"},{"time":0.3333,"color":"ffffff39"},{"time":1,"color":"ffffff7e"},{"time":1.3333,"color":"ffffff5b"}]},"circle2":{"color":[{"time":0,"color":"ffffff78"},{"time":0.6667,"color":"ffffff00"}],"attachment":[{"time":0,"name":"circle"},{"time":1.3333,"name":"circle"}]},"circle_top1":{"attachment":[{"time":0,"name":null},{"time":1.3333,"name":null}]},"circle_top2":{"attachment":[{"time":0,"name":null},{"time":1.3333,"name":null}]},"circle_top3":{"attachment":[{"time":0,"name":null},{"time":1.3333,"name":null}]},"flash_0":{"color":[{"time":0,"color":"ffffff80","curve":"stepped"},{"time":0.8667,"color":"ffffff80"},{"time":1.3333,"color":"ffffff00"}],"attachment":[{"time":0,"name":null},{"time":1.3333,"name":null}]},"heal_icon_0":{"attachment":[{"time":0,"name":null},{"time":1.3333,"name":null}]},"heal_icon_1":{"attachment":[{"time":0,"name":null},{"time":1.3333,"name":null}]}},"bones":{"heal_icon":{"rotate":[{"time":0,"angle":0,"curve":"stepped"},{"time":1.3333,"angle":0}],"translate":[{"time":0,"x":0,"y":0,"curve":[0.25,0,0.75,1]},{"time":0.6667,"x":0,"y":-10,"curve":[0.25,0,0.75,1]},{"time":1.3333,"x":0,"y":0}],"scale":[{"time":0,"x":1,"y":1,"curve":"stepped"},{"time":1.3333,"x":1,"y":1}]},"circle":{"rotate":[{"time":0,"angle":0,"curve":"stepped"},{"time":1,"angle":0,"curve":"stepped"},{"time":1.3333,"angle":0}],"translate":[{"time":0,"x":0,"y":0,"curve":"stepped"},{"time":1,"x":0,"y":0,"curve":"stepped"},{"time":1.3333,"x":0,"y":0}],"scale":[{"time":0,"x":1.016,"y":1.016},{"time":0.3333,"x":1.032,"y":1.032},{"time":1,"x":1,"y":1},{"time":1.3333,"x":1.016,"y":1.016}]},"circle2":{"rotate":[{"time":0,"angle":0,"curve":"stepped"},{"time":1.3333,"angle":0}],"translate":[{"time":0,"x":0,"y":0,"curve":"stepped"},{"time":1.3333,"x":0,"y":0}],"scale":[{"time":0,"x":1,"y":1},{"time":0.6667,"x":10,"y":10},{"time":1.3333,"x":1,"y":1}]},"circle_top2":{"rotate":[{"time":0,"angle":0,"curve":"stepped"},{"time":0.6667,"angle":0,"curve":"stepped"},{"time":1.3333,"angle":0}],"translate":[{"time":0,"x":0,"y":0,"curve":"stepped"},{"time":0.6667,"x":0,"y":0,"curve":"stepped"},{"time":1.3333,"x":0,"y":0}],"scale":[{"time":0,"x":0,"y":0},{"time":0.6667,"x":1,"y":1,"curve":"stepped"},{"time":1.3333,"x":1,"y":1}]},"circle_top3":{"rotate":[{"time":0,"angle":0,"curve":"stepped"},{"time":0.6667,"angle":0,"curve":"stepped"},{"time":1.3333,"angle":0}],"translate":[{"time":0,"x":0,"y":0,"curve":"stepped"},{"time":0.6667,"x":0,"y":0,"curve":"stepped"},{"time":1.3333,"x":0,"y":0}],"scale":[{"time":0,"x":0,"y":0,"curve":"stepped"},{"time":0.6667,"x":0,"y":0},{"time":1.3333,"x":1,"y":1}]},"circle_top1":{"rotate":[{"time":0,"angle":0,"curve":"stepped"},{"time":0.6667,"angle":0}],"translate":[{"time":0,"x":0,"y":0,"curve":"stepped"},{"time":0.6667,"x":0,"y":0}],"scale":[{"time":0,"x":1,"y":1,"curve":"stepped"},{"time":0.6667,"x":1,"y":1}]},"flash_0":{"scale":[{"time":0,"x":0,"y":1},{"time":0.5333,"x":0.689,"y":1},{"time":0.8667,"x":0.954,"y":0.921},{"time":1.3333,"x":0.992,"y":1}]},"heal_icon2":{"rotate":[{"time":0,"angle":0,"curve":"stepped"},{"time":1.3333,"angle":0}],"translate":[{"time":0,"x":0,"y":0,"curve":"stepped"},{"time":1.3333,"x":0,"y":0}],"scale":[{"time":0,"x":1,"y":1,"curve":"stepped"},{"time":1.3333,"x":1,"y":1}]}}},"animation_full":{"slots":{"circle":{"color":[{"time":0,"color":"ffffff5b"},{"time":0.3333,"color":"ffffff39"},{"time":1,"color":"ffffff7e"},{"time":1.3333,"color":"ffffff5b"}]},"circle2":{"color":[{"time":0,"color":"ffffff78"},{"time":0.6667,"color":"ffffff00"}],"attachment":[{"time":0,"name":"circle"},{"time":0.6667,"name":null},{"time":1.3333,"name":null}]},"circle_top1":{"attachment":[{"time":0,"name":"circle_top0"},{"time":0.6667,"name":"circle_top0"},{"time":0.7333,"name":"circle_top1"},{"time":0.8,"name":"circle_top2"},{"time":0.8667,"name":"circle_top3"},{"time":0.9333,"name":"circle_top4"},{"time":1,"name":"circle_top5"},{"time":1.0667,"name":"circle_top6"},{"time":1.1333,"name":"circle_top7"},{"time":1.2,"name":"circle_top8"},{"time":1.2667,"name":"circle_top9"},{"time":1.3333,"name":null}]},"circle_top2":{"attachment":[{"time":0,"name":null},{"time":0.6667,"name":"circle_top0"},{"time":1.3333,"name":"circle_top0"}]},"circle_top3":{"attachment":[{"time":0,"name":"circle_top0"},{"time":0.0667,"name":"circle_top1"},{"time":0.1333,"name":"circle_top2"},{"time":0.2,"name":"circle_top3"},{"time":0.2667,"name":"circle_top4"},{"time":0.3333,"name":"circle_top5"},{"time":0.4,"name":"circle_top6"},{"time":0.4667,"name":"circle_top7"},{"time":0.5333,"name":"circle_top8"},{"time":0.6,"name":"circle_top9"},{"time":0.6667,"name":null}]},"flash_0":{"color":[{"time":0,"color":"ffffff80","curve":"stepped"},{"time":0.8667,"color":"ffffff80"},{"time":1.3333,"color":"ffffff00"}]},"heal_icon_0":{"attachment":[{"time":0,"name":"heal_icon_0"},{"time":0.1333,"name":"heal_icon_1"},{"time":0.2667,"name":"heal_icon_2"},{"time":0.4,"name":"heal_icon_3"},{"time":0.5333,"name":"heal_icon_4"},{"time":0.6667,"name":"heal_icon_5"},{"time":0.8,"name":"heal_icon_6"},{"time":0.9333,"name":"heal_icon_7"},{"time":1.0667,"name":"heal_icon_8"},{"time":1.2,"name":"heal_icon_9"},{"time":1.3333,"name":"heal_icon_0"}]},"heal_icon_1":{"attachment":[{"time":0,"name":"heal_icon_0"},{"time":0.1333,"name":"heal_icon_1"},{"time":0.2667,"name":"heal_icon_2"},{"time":0.4,"name":"heal_icon_3"},{"time":0.5333,"name":"heal_icon_4"},{"time":0.6667,"name":"heal_icon_5"},{"time":0.8,"name":"heal_icon_6"},{"time":0.9333,"name":"heal_icon_7"},{"time":1.0667,"name":"heal_icon_8"},{"time":1.2,"name":"heal_icon_9"},{"time":1.3333,"name":"heal_icon_0"}]}},"bones":{"heal_icon":{"rotate":[{"time":0,"angle":0,"curve":"stepped"},{"time":1.3333,"angle":0}],"translate":[{"time":0,"x":0,"y":0,"curve":[0.25,0,0.75,1]},{"time":0.6667,"x":0,"y":-10,"curve":[0.25,0,0.75,1]},{"time":1.3333,"x":0,"y":0}],"scale":[{"time":0,"x":1,"y":1,"curve":"stepped"},{"time":1.3333,"x":1,"y":1}]},"circle":{"rotate":[{"time":0,"angle":0,"curve":"stepped"},{"time":1,"angle":0,"curve":"stepped"},{"time":1.3333,"angle":0}],"translate":[{"time":0,"x":0,"y":0,"curve":"stepped"},{"time":1,"x":0,"y":0,"curve":"stepped"},{"time":1.3333,"x":0,"y":0}],"scale":[{"time":0,"x":1.016,"y":1.016},{"time":0.3333,"x":1.032,"y":1.032},{"time":1,"x":1,"y":1},{"time":1.3333,"x":1.016,"y":1.016}]},"circle2":{"rotate":[{"time":0,"angle":0,"curve":"stepped"},{"time":1.3333,"angle":0}],"translate":[{"time":0,"x":0,"y":0,"curve":"stepped"},{"time":1.3333,"x":0,"y":0}],"scale":[{"time":0,"x":1,"y":1},{"time":0.6667,"x":10,"y":10},{"time":1.3333,"x":1,"y":1}]},"circle_top2":{"rotate":[{"time":0,"angle":0,"curve":"stepped"},{"time":0.6667,"angle":0,"curve":"stepped"},{"time":1.3333,"angle":0}],"translate":[{"time":0,"x":0,"y":0,"curve":"stepped"},{"time":0.6667,"x":0,"y":0,"curve":"stepped"},{"time":1.3333,"x":0,"y":0}],"scale":[{"time":0,"x":0,"y":0},{"time":0.6667,"x":1,"y":1,"curve":"stepped"},{"time":1.3333,"x":1,"y":1}]},"circle_top3":{"rotate":[{"time":0,"angle":0,"curve":"stepped"},{"time":0.6667,"angle":0,"curve":"stepped"},{"time":1.3333,"angle":0}],"translate":[{"time":0,"x":0,"y":0,"curve":"stepped"},{"time":0.6667,"x":0,"y":0,"curve":"stepped"},{"time":1.3333,"x":0,"y":0}],"scale":[{"time":0,"x":0,"y":0,"curve":"stepped"},{"time":0.6667,"x":0,"y":0},{"time":1.3333,"x":1,"y":1}]},"circle_top1":{"rotate":[{"time":0,"angle":0,"curve":"stepped"},{"time":0.6667,"angle":0}],"translate":[{"time":0,"x":0,"y":0,"curve":"stepped"},{"time":0.6667,"x":0,"y":0}],"scale":[{"time":0,"x":1,"y":1,"curve":"stepped"},{"time":0.6667,"x":1,"y":1}]},"flash_0":{"scale":[{"time":0,"x":0,"y":1},{"time":0.5333,"x":0.689,"y":1},{"time":0.8667,"x":0.954,"y":0.921},{"time":1.3333,"x":0.992,"y":1}]},"heal_icon2":{"rotate":[{"time":0,"angle":0,"curve":"stepped"},{"time":1.3333,"angle":0}],"translate":[{"time":0,"x":0,"y":0,"curve":"stepped"},{"time":1.3333,"x":0,"y":0}],"scale":[{"time":0,"x":1,"y":1,"curve":"stepped"},{"time":1.3333,"x":1,"y":1}]}}},"animation_top":{"slots":{"circle":{"color":[{"time":0,"color":"ffffff5b"},{"time":0.3333,"color":"ffffff39"},{"time":1,"color":"ffffff7e"},{"time":1.3333,"color":"ffffff5b"}],"attachment":[{"time":0,"name":null},{"time":1.3333,"name":null}]},"circle2":{"color":[{"time":0,"color":"ffffff78"},{"time":0.6667,"color":"ffffff00"}],"attachment":[{"time":0,"name":null},{"time":0.6667,"name":null},{"time":1.3333,"name":null}]},"circle_top1":{"attachment":[{"time":0,"name":"circle_top0"},{"time":0.6667,"name":"circle_top0"},{"time":0.7333,"name":"circle_top1"},{"time":0.8,"name":"circle_top2"},{"time":0.8667,"name":"circle_top3"},{"time":0.9333,"name":"circle_top4"},{"time":1,"name":"circle_top5"},{"time":1.0667,"name":"circle_top6"},{"time":1.1333,"name":"circle_top7"},{"time":1.2,"name":"circle_top8"},{"time":1.2667,"name":"circle_top9"},{"time":1.3333,"name":null}]},"circle_top2":{"attachment":[{"time":0,"name":null},{"time":0.6667,"name":"circle_top0"},{"time":1.3333,"name":"circle_top0"}]},"circle_top3":{"attachment":[{"time":0,"name":"circle_top0"},{"time":0.0667,"name":"circle_top1"},{"time":0.1333,"name":"circle_top2"},{"time":0.2,"name":"circle_top3"},{"time":0.2667,"name":"circle_top4"},{"time":0.3333,"name":"circle_top5"},{"time":0.4,"name":"circle_top6"},{"time":0.4667,"name":"circle_top7"},{"time":0.5333,"name":"circle_top8"},{"time":0.6,"name":"circle_top9"},{"time":0.6667,"name":null}]},"flash_0":{"color":[{"time":0,"color":"ffffff80","curve":"stepped"},{"time":0.8667,"color":"ffffff80"},{"time":1.3333,"color":"ffffff00"}]},"heal_icon_0":{"attachment":[{"time":0,"name":"heal_icon_0"},{"time":0.1333,"name":"heal_icon_1"},{"time":0.2667,"name":"heal_icon_2"},{"time":0.4,"name":"heal_icon_3"},{"time":0.5333,"name":"heal_icon_4"},{"time":0.6667,"name":"heal_icon_5"},{"time":0.8,"name":"heal_icon_6"},{"time":0.9333,"name":"heal_icon_7"},{"time":1.0667,"name":"heal_icon_8"},{"time":1.2,"name":"heal_icon_9"},{"time":1.3333,"name":"heal_icon_0"}]},"heal_icon_1":{"attachment":[{"time":0,"name":"heal_icon_0"},{"time":0.1333,"name":"heal_icon_1"},{"time":0.2667,"name":"heal_icon_2"},{"time":0.4,"name":"heal_icon_3"},{"time":0.5333,"name":"heal_icon_4"},{"time":0.6667,"name":"heal_icon_5"},{"time":0.8,"name":"heal_icon_6"},{"time":0.9333,"name":"heal_icon_7"},{"time":1.0667,"name":"heal_icon_8"},{"time":1.2,"name":"heal_icon_9"},{"time":1.3333,"name":"heal_icon_0"}]}},"bones":{"heal_icon":{"rotate":[{"time":0,"angle":0,"curve":"stepped"},{"time":1.3333,"angle":0}],"translate":[{"time":0,"x":0,"y":0,"curve":[0.25,0,0.75,1]},{"time":0.6667,"x":0,"y":-10,"curve":[0.25,0,0.75,1]},{"time":1.3333,"x":0,"y":0}],"scale":[{"time":0,"x":1,"y":1,"curve":"stepped"},{"time":1.3333,"x":1,"y":1}]},"circle":{"rotate":[{"time":0,"angle":0,"curve":"stepped"},{"time":1,"angle":0,"curve":"stepped"},{"time":1.3333,"angle":0}],"translate":[{"time":0,"x":0,"y":0,"curve":"stepped"},{"time":1,"x":0,"y":0,"curve":"stepped"},{"time":1.3333,"x":0,"y":0}],"scale":[{"time":0,"x":1.016,"y":1.016},{"time":0.3333,"x":1.032,"y":1.032},{"time":1,"x":1,"y":1},{"time":1.3333,"x":1.016,"y":1.016}]},"circle2":{"rotate":[{"time":0,"angle":0,"curve":"stepped"},{"time":1.3333,"angle":0}],"translate":[{"time":0,"x":0,"y":0,"curve":"stepped"},{"time":1.3333,"x":0,"y":0}],"scale":[{"time":0,"x":1,"y":1},{"time":0.6667,"x":10,"y":10},{"time":1.3333,"x":1,"y":1}]},"circle_top2":{"rotate":[{"time":0,"angle":0,"curve":"stepped"},{"time":0.6667,"angle":0,"curve":"stepped"},{"time":1.3333,"angle":0}],"translate":[{"time":0,"x":0,"y":0,"curve":"stepped"},{"time":0.6667,"x":0,"y":0,"curve":"stepped"},{"time":1.3333,"x":0,"y":0}],"scale":[{"time":0,"x":0,"y":0},{"time":0.6667,"x":1,"y":1,"curve":"stepped"},{"time":1.3333,"x":1,"y":1}]},"circle_top3":{"rotate":[{"time":0,"angle":0,"curve":"stepped"},{"time":0.6667,"angle":0,"curve":"stepped"},{"time":1.3333,"angle":0}],"translate":[{"time":0,"x":0,"y":0,"curve":"stepped"},{"time":0.6667,"x":0,"y":0,"curve":"stepped"},{"time":1.3333,"x":0,"y":0}],"scale":[{"time":0,"x":0,"y":0,"curve":"stepped"},{"time":0.6667,"x":0,"y":0},{"time":1.3333,"x":1,"y":1}]},"circle_top1":{"rotate":[{"time":0,"angle":0,"curve":"stepped"},{"time":0.6667,"angle":0}],"translate":[{"time":0,"x":0,"y":0,"curve":"stepped"},{"time":0.6667,"x":0,"y":0}],"scale":[{"time":0,"x":1,"y":1,"curve":"stepped"},{"time":0.6667,"x":1,"y":1}]},"flash_0":{"scale":[{"time":0,"x":0,"y":1},{"time":0.5333,"x":0.689,"y":1},{"time":0.8667,"x":0.954,"y":0.921},{"time":1.3333,"x":0.992,"y":1}]},"heal_icon2":{"rotate":[{"time":0,"angle":0,"curve":"stepped"},{"time":1.3333,"angle":0}],"translate":[{"time":0,"x":0,"y":0,"curve":"stepped"},{"time":1.3333,"x":0,"y":0}],"scale":[{"time":0,"x":1,"y":1,"curve":"stepped"},{"time":1.3333,"x":1,"y":1}]}}}}}