{"skeleton":{"hash":"FvWEWiqlCnx9swoLYGPCqmTUYZc","spine":"3.7.94","width":22.57,"height":40.08,"images":"./images/","audio":"E:/Projects/TDF/tower_optimized/tower_heal"},"bones":[{"name":"root","y":-11.73,"scaleX":0.5,"scaleY":0.5},{"name":"effect_trail","parent":"root","y":0.45},{"name":"heal_icon","parent":"effect_trail","y":23},{"name":"effect_trail2","parent":"root","x":13.92,"y":22.51,"scaleX":0.7,"scaleY":0.7},{"name":"heal_icon2","parent":"effect_trail2","y":23},{"name":"effect_trail3","parent":"root","x":-12.53,"y":19.73,"scaleX":0.5,"scaleY":0.5},{"name":"heal_icon3","parent":"root","x":-12.53,"y":31.23}],"slots":[{"name":"effect_trail","bone":"effect_trail","attachment":"effects/effect_trail_01","blend":"additive"},{"name":"effect_trail2","bone":"effect_trail2","attachment":"effects/effect_trail_01","blend":"additive"},{"name":"effect_trail3","bone":"effect_trail3","attachment":"effects/effect_trail_01","blend":"additive"},{"name":"heal_icon","bone":"heal_icon","attachment":"effects/heal_icon3","blend":"additive"},{"name":"heal_icon2","bone":"heal_icon2","attachment":"effects/heal_icon2","blend":"additive"},{"name":"heal_icon3","bone":"heal_icon3","attachment":"effects/heal_icon","blend":"additive"}],"skins":{"default":{"effect_trail":{"effects/effect_trail_01":{"y":33,"width":20,"height":80},"effects/effect_trail_02":{"y":33,"width":20,"height":80},"effects/effect_trail_03":{"y":33,"width":20,"height":80},"effects/effect_trail_04":{"y":33,"width":20,"height":80},"effects/effect_trail_05":{"y":33,"width":20,"height":80},"effects/effect_trail_06":{"y":33,"width":20,"height":80},"effects/effect_trail_07":{"y":33,"width":20,"height":80},"effects/effect_trail_08":{"y":33,"width":20,"height":80}},"effect_trail2":{"effects/effect_trail_01":{"y":33,"width":20,"height":80},"effects/effect_trail_02":{"y":33,"width":20,"height":80},"effects/effect_trail_03":{"y":33,"width":20,"height":80},"effects/effect_trail_04":{"y":33,"width":20,"height":80},"effects/effect_trail_05":{"y":33,"width":20,"height":80},"effects/effect_trail_06":{"y":33,"width":20,"height":80},"effects/effect_trail_07":{"y":33,"width":20,"height":80},"effects/effect_trail_08":{"y":33,"width":20,"height":80}},"effect_trail3":{"effects/effect_trail_01":{"y":33,"width":20,"height":80},"effects/effect_trail_02":{"y":33,"width":20,"height":80},"effects/effect_trail_03":{"y":33,"width":20,"height":80},"effects/effect_trail_04":{"y":33,"width":20,"height":80},"effects/effect_trail_05":{"y":33,"width":20,"height":80},"effects/effect_trail_06":{"y":33,"width":20,"height":80},"effects/effect_trail_07":{"y":33,"width":20,"height":80},"effects/effect_trail_08":{"y":33,"width":20,"height":80}},"heal_icon":{"effects/heal_icon3":{"path":"effects/heal_icon","scaleX":0.4,"scaleY":0.4,"width":70,"height":75}},"heal_icon2":{"effects/heal_icon2":{"path":"effects/heal_icon","x":-1.12,"y":0.28,"scaleX":0.3,"scaleY":0.3,"width":70,"height":75}},"heal_icon3":{"effects/heal_icon":{"x":-0.06,"y":-0.28,"scaleX":0.332,"scaleY":0.332,"width":70,"height":75}}}},"animations":{"fx_heal":{"slots":{"effect_trail":{"attachment":[{"time":0,"name":null},{"time":0.1,"name":"effects/effect_trail_02"},{"time":0.1667,"name":"effects/effect_trail_03"},{"time":0.2667,"name":"effects/effect_trail_04"},{"time":0.3667,"name":"effects/effect_trail_06"},{"time":0.4667,"name":"effects/effect_trail_07"},{"time":0.5333,"name":"effects/effect_trail_08"},{"time":0.6333,"name":null},{"time":0.8333,"name":null},{"time":1,"name":null}]},"effect_trail2":{"attachment":[{"time":0.1667,"name":null},{"time":0.3333,"name":null},{"time":0.4333,"name":"effects/effect_trail_02"},{"time":0.5,"name":"effects/effect_trail_03"},{"time":0.6,"name":"effects/effect_trail_04"},{"time":0.7,"name":"effects/effect_trail_06"},{"time":0.8,"name":"effects/effect_trail_07"},{"time":0.8667,"name":"effects/effect_trail_08"},{"time":0.9667,"name":null}]},"effect_trail3":{"attachment":[{"time":0.0333,"name":"effects/effect_trail_06"},{"time":0.1333,"name":"effects/effect_trail_07"},{"time":0.2,"name":"effects/effect_trail_08"},{"time":0.3,"name":null},{"time":0.5,"name":null},{"time":0.6667,"name":null},{"time":0.7667,"name":"effects/effect_trail_02"},{"time":0.8333,"name":"effects/effect_trail_03"},{"time":0.9333,"name":"effects/effect_trail_04"}]},"heal_icon":{"color":[{"time":0,"color":"ffffff00"},{"time":0.1,"color":"ffffffff","curve":"stepped"},{"time":0.5,"color":"ffffffff"},{"time":0.8333,"color":"ffffff00","curve":"stepped"},{"time":1,"color":"ffffff00"}]},"heal_icon2":{"color":[{"time":0,"color":"ffffff7f"},{"time":0.1667,"color":"ffffff00","curve":"stepped"},{"time":0.3333,"color":"ffffff00"},{"time":0.4333,"color":"ffffffff","curve":"stepped"},{"time":0.8333,"color":"ffffffff"},{"time":1,"color":"ffffff7f"}]},"heal_icon3":{"color":[{"time":0,"color":"ffffffff","curve":"stepped"},{"time":0.1667,"color":"ffffffff"},{"time":0.5,"color":"ffffff00","curve":"stepped"},{"time":0.6667,"color":"ffffff00"},{"time":0.7667,"color":"ffffffff","curve":"stepped"},{"time":1,"color":"ffffffff"}]}},"bones":{"effect_trail":{"rotate":[{"time":0,"angle":0,"curve":"stepped"},{"time":0.8333,"angle":0,"curve":"stepped"},{"time":1,"angle":0}],"translate":[{"time":0,"x":0,"y":0,"curve":"stepped"},{"time":0.8333,"x":0,"y":0,"curve":"stepped"},{"time":1,"x":0,"y":0}],"scale":[{"time":0,"x":1,"y":1,"curve":"stepped"},{"time":0.8333,"x":1,"y":1,"curve":"stepped"},{"time":1,"x":1,"y":1}]},"heal_icon":{"rotate":[{"time":0,"angle":0,"curve":"stepped"},{"time":1,"angle":0}],"translate":[{"time":0,"x":0,"y":0},{"time":0.8333,"x":0,"y":90},{"time":1,"x":0,"y":0}],"scale":[{"time":0,"x":0,"y":0},{"time":0.2667,"x":1,"y":1,"curve":"stepped"},{"time":0.8333,"x":1,"y":1},{"time":1,"x":0,"y":0}]},"effect_trail2":{"rotate":[{"time":0,"angle":0,"curve":"stepped"},{"time":0.1667,"angle":0,"curve":"stepped"},{"time":0.3333,"angle":0,"curve":"stepped"},{"time":1,"angle":0}],"translate":[{"time":0,"x":0,"y":0,"curve":"stepped"},{"time":0.1667,"x":0,"y":0,"curve":"stepped"},{"time":0.3333,"x":0,"y":0,"curve":"stepped"},{"time":1,"x":0,"y":0}],"scale":[{"time":0,"x":1,"y":1,"curve":"stepped"},{"time":0.1667,"x":1,"y":1,"curve":"stepped"},{"time":0.3333,"x":1,"y":1,"curve":"stepped"},{"time":1,"x":1,"y":1}]},"heal_icon2":{"rotate":[{"time":0,"angle":0,"curve":"stepped"},{"time":0.3333,"angle":0,"curve":"stepped"},{"time":1,"angle":0}],"translate":[{"time":0,"x":0,"y":72},{"time":0.1667,"x":0,"y":90},{"time":0.3333,"x":0,"y":0},{"time":1,"x":0,"y":72}],"scale":[{"time":0,"x":1,"y":1,"curve":"stepped"},{"time":0.1667,"x":1,"y":1},{"time":0.3333,"x":0,"y":0},{"time":0.6,"x":1,"y":1,"curve":"stepped"},{"time":1,"x":1,"y":1}]},"effect_trail3":{"rotate":[{"time":0,"angle":0,"curve":"stepped"},{"time":0.5,"angle":0,"curve":"stepped"},{"time":0.6667,"angle":0,"curve":"stepped"},{"time":1,"angle":0}],"translate":[{"time":0,"x":0,"y":0,"curve":"stepped"},{"time":0.5,"x":0,"y":0,"curve":"stepped"},{"time":0.6667,"x":0,"y":0,"curve":"stepped"},{"time":1,"x":0,"y":0}],"scale":[{"time":0,"x":1,"y":1,"curve":"stepped"},{"time":0.5,"x":1,"y":1,"curve":"stepped"},{"time":0.6667,"x":1,"y":1,"curve":"stepped"},{"time":1,"x":1,"y":1}]},"heal_icon3":{"rotate":[{"time":0,"angle":0,"curve":"stepped"},{"time":0.6667,"angle":0,"curve":"stepped"},{"time":1,"angle":0}],"translate":[{"time":0,"x":0,"y":36},{"time":0.5,"x":0,"y":90},{"time":0.6667,"x":0,"y":0},{"time":1,"x":0,"y":36}],"scale":[{"time":0,"x":1,"y":1,"curve":"stepped"},{"time":0.5,"x":1,"y":1},{"time":0.6667,"x":0,"y":0},{"time":0.9333,"x":1,"y":1,"curve":"stepped"},{"time":1,"x":1,"y":1}]}}}}}