{"skeleton":{"hash":"HftHFQM8D6MBfjpoZHKYxLkTmLE","spine":"3.6.53","width":0,"height":0,"images":"../song/"},"bones":[{"name":"root"},{"name":"bone_root","parent":"root","x":-557.22,"y":-520.05},{"name":"hat","parent":"bone_root","length":184.41},{"name":"hat2","parent":"bone_root","length":184.41},{"name":"hat3","parent":"bone_root","length":184.41,"x":-9.88,"y":-29.64,"scaleX":0.789,"scaleY":0.789},{"name":"hat4","parent":"bone_root","length":184.41,"x":-95.5,"y":-118.55,"scaleX":0.395,"scaleY":0.395},{"name":"hat5","parent":"bone_root","length":184.41,"x":-95.5,"y":-118.55,"scaleX":0.395,"scaleY":0.395},{"name":"hat6","parent":"bone_root","length":184.41,"x":69.15,"y":-29.64,"scaleX":0.45,"scaleY":0.45},{"name":"hat7","parent":"bone_root","length":184.41,"x":69.15,"y":-29.64,"scaleX":0.45,"scaleY":0.45},{"name":"hat8","parent":"bone_root","length":184.41,"x":-23.05,"y":-164.65,"scaleX":0.346,"scaleY":0.346},{"name":"hat9","parent":"bone_root","length":184.41,"x":69.15,"y":-29.64,"scaleX":0.507,"scaleY":0.507},{"name":"hat10","parent":"bone_root","length":184.41,"x":-95.5,"y":-118.55,"scaleX":0.395,"scaleY":0.395},{"name":"light2","parent":"root","length":239.09,"rotation":-90,"x":-120.05,"y":70.01},{"name":"light3","parent":"root","length":239.09,"rotation":-90,"x":-120.05,"y":70.01}],"slots":[{"name":"len4","bone":"light3","attachment":"len2","blend":"additive"},{"name":"len3","bone":"light2","attachment":"len2","blend":"additive"},{"name":"hat sang nho2","bone":"hat","attachment":"hat sang nho"},{"name":"hat sang nho6","bone":"hat3","attachment":"hat sang nho"},{"name":"hat sang nho8","bone":"hat4","attachment":"hat sang nho"},{"name":"hat sang nho10","bone":"hat5","attachment":"hat sang nho"},{"name":"hat sang nho20","bone":"hat10","attachment":"hat sang nho"},{"name":"hat sang nho12","bone":"hat6","attachment":"hat sang nho"},{"name":"hat sang nho18","bone":"hat9","attachment":"hat sang nho"},{"name":"hat sang nho14","bone":"hat7","attachment":"hat sang nho"},{"name":"hat sang nho16","bone":"hat8","attachment":"hat sang nho"},{"name":"hat sang nho4","bone":"hat2","attachment":"hat sang nho"},{"name":"hat sang nho3","bone":"hat","attachment":"hat sang nho","blend":"additive"},{"name":"hat sang nho7","bone":"hat3","attachment":"hat sang nho","blend":"additive"},{"name":"hat sang nho9","bone":"hat4","attachment":"hat sang nho","blend":"additive"},{"name":"hat sang nho11","bone":"hat5","attachment":"hat sang nho","blend":"additive"},{"name":"hat sang nho21","bone":"hat10","attachment":"hat sang nho","blend":"additive"},{"name":"hat sang nho13","bone":"hat6","attachment":"hat sang nho","blend":"additive"},{"name":"hat sang nho19","bone":"hat9","attachment":"hat sang nho","blend":"additive"},{"name":"hat sang nho15","bone":"hat7","attachment":"hat sang nho","blend":"additive"},{"name":"hat sang nho17","bone":"hat8","attachment":"hat sang nho","blend":"additive"},{"name":"hat sang nho5","bone":"hat2","attachment":"hat sang nho","blend":"additive"}],"skins":{"default":{"hat sang nho10":{"hat sang nho":{"x":0.71,"y":-0.27,"width":35,"height":35}},"hat sang nho11":{"hat sang nho":{"x":0.71,"y":-0.27,"width":35,"height":35}},"hat sang nho12":{"hat sang nho":{"x":0.71,"y":-0.27,"width":35,"height":35}},"hat sang nho13":{"hat sang nho":{"x":0.71,"y":-0.27,"width":35,"height":35}},"hat sang nho14":{"hat sang nho":{"x":0.71,"y":-0.27,"width":35,"height":35}},"hat sang nho15":{"hat sang nho":{"x":0.71,"y":-0.27,"width":35,"height":35}},"hat sang nho16":{"hat sang nho":{"x":0.71,"y":-0.27,"width":35,"height":35}},"hat sang nho17":{"hat sang nho":{"x":0.71,"y":-0.27,"width":35,"height":35}},"hat sang nho18":{"hat sang nho":{"x":0.71,"y":-0.27,"width":35,"height":35}},"hat sang nho19":{"hat sang nho":{"x":0.71,"y":-0.27,"width":35,"height":35}},"hat sang nho2":{"hat sang nho":{"x":0.71,"y":-0.27,"width":35,"height":35}},"hat sang nho20":{"hat sang nho":{"x":0.71,"y":-0.27,"width":35,"height":35}},"hat sang nho21":{"hat sang nho":{"x":0.71,"y":-0.27,"width":35,"height":35}},"hat sang nho3":{"hat sang nho":{"x":0.71,"y":-0.27,"width":35,"height":35}},"hat sang nho4":{"hat sang nho":{"x":0.71,"y":-0.27,"width":35,"height":35}},"hat sang nho5":{"hat sang nho":{"x":0.71,"y":-0.27,"width":35,"height":35}},"hat sang nho6":{"hat sang nho":{"x":0.71,"y":-0.27,"width":35,"height":35}},"hat sang nho7":{"hat sang nho":{"x":0.71,"y":-0.27,"width":35,"height":35}},"hat sang nho8":{"hat sang nho":{"x":0.71,"y":-0.27,"width":35,"height":35}},"hat sang nho9":{"hat sang nho":{"x":0.71,"y":-0.27,"width":35,"height":35}},"len3":{"len2":{"x":31.04,"rotation":90,"width":82,"height":104}},"len4":{"len2":{"x":31.04,"rotation":90,"width":82,"height":104}}}},"animations":{"animation":{"slots":{"hat sang nho2":{"color":[{"time":0,"color":"ffffff00"},{"time":1.3333,"color":"ffffffff","curve":"stepped"},{"time":6,"color":"ffffffff"},{"time":8,"color":"ffffff00"}]},"hat sang nho3":{"color":[{"time":0,"color":"ffffff00"},{"time":0.6667,"color":"fcd605ff"},{"time":1.3333,"color":"ffffff00"},{"time":2,"color":"fcd605ff"},{"time":2.6667,"color":"ffffff00"},{"time":3.3333,"color":"fcd605ff"},{"time":4,"color":"ffffff00"},{"time":4.7,"color":"ffffffff"},{"time":5.3333,"color":"ffffff00"},{"time":6,"color":"fcd605ff"},{"time":8,"color":"ffffff00"}]},"hat sang nho4":{"color":[{"time":0,"color":"ffffff00"},{"time":1.3333,"color":"ffffffff","curve":"stepped"},{"time":6,"color":"ffffffff"},{"time":8,"color":"ffffff00"}]},"hat sang nho5":{"color":[{"time":0,"color":"ffffff00"},{"time":2,"color":"fcd605ff"},{"time":2.6667,"color":"ffffff00"},{"time":3.3333,"color":"fcd605ff"},{"time":4,"color":"ffffff00"},{"time":4.7,"color":"ffffffff"},{"time":5.3333,"color":"ffffff00"},{"time":6,"color":"fcd605ff"},{"time":8,"color":"ffffff00"}]},"hat sang nho6":{"color":[{"time":0,"color":"ffffff00","curve":"stepped"},{"time":0.2,"color":"ffffff00","curve":"stepped"},{"time":1.7,"color":"ffffff00"},{"time":3.0333,"color":"ffffffff","curve":"stepped"},{"time":7.7,"color":"ffffffff"},{"time":9.7,"color":"ffffff00","curve":"stepped"},{"time":13.3333,"color":"ffffff00"}]},"hat sang nho7":{"color":[{"time":0,"color":"ffffff00","curve":"stepped"},{"time":0.2,"color":"ffffff00","curve":"stepped"},{"time":1.7,"color":"ffffff00"},{"time":2.3667,"color":"fcd605ff"},{"time":3.0333,"color":"ffffff00"},{"time":3.7,"color":"fcd605ff"},{"time":4.3667,"color":"ffffff00"},{"time":5.0333,"color":"fcd605ff"},{"time":5.7,"color":"ffffff00"},{"time":6.4,"color":"ffffffff"},{"time":7.0333,"color":"ffffff00"},{"time":7.7,"color":"fcd605ff"},{"time":9.7,"color":"ffffff00","curve":"stepped"},{"time":13.3333,"color":"ffffff00"}]},"hat sang nho8":{"color":[{"time":0,"color":"ffffff00","curve":"stepped"},{"time":0.2,"color":"ffffff00","curve":"stepped"},{"time":1.7,"color":"ffffff00"},{"time":3.0333,"color":"ffffffff","curve":"stepped"},{"time":7.7,"color":"ffffffff"},{"time":9.7,"color":"ffffff00","curve":"stepped"},{"time":13.3333,"color":"ffffff00"}]},"hat sang nho9":{"color":[{"time":0,"color":"ffffff00","curve":"stepped"},{"time":0.2,"color":"ffffff00","curve":"stepped"},{"time":1.7,"color":"ffffff00"},{"time":2.3667,"color":"fcd605ff"},{"time":3.0333,"color":"ffffff00"},{"time":3.7,"color":"fcd605ff"},{"time":4.3667,"color":"ffffff00"},{"time":5.0333,"color":"fcd605ff"},{"time":5.7,"color":"ffffff00"},{"time":6.4,"color":"ffffffff"},{"time":7.0333,"color":"ffffff00"},{"time":7.7,"color":"fcd605ff"},{"time":9.7,"color":"ffffff00","curve":"stepped"},{"time":13.3333,"color":"ffffff00"}]},"hat sang nho10":{"color":[{"time":0,"color":"ffffff00","curve":"stepped"},{"time":0.2,"color":"ffffff00","curve":"stepped"},{"time":4.6333,"color":"ffffff00"},{"time":5.9667,"color":"ffffffff","curve":"stepped"},{"time":10.6333,"color":"ffffffff"},{"time":12.6333,"color":"ffffff00","curve":"stepped"},{"time":13.3333,"color":"ffffff00"}]},"hat sang nho11":{"color":[{"time":0,"color":"ffffff00","curve":"stepped"},{"time":0.2,"color":"ffffff00","curve":"stepped"},{"time":4.6333,"color":"ffffff00"},{"time":5.3,"color":"fcd605ff"},{"time":5.9667,"color":"ffffff00"},{"time":6.6333,"color":"fcd605ff"},{"time":7.3,"color":"ffffff00"},{"time":7.9667,"color":"fcd605ff"},{"time":8.6333,"color":"ffffff00"},{"time":9.3333,"color":"ffffffff"},{"time":9.9667,"color":"ffffff00"},{"time":10.6333,"color":"fcd605ff"},{"time":12.6333,"color":"ffffff00","curve":"stepped"},{"time":13.3333,"color":"ffffff00"}]},"hat sang nho12":{"color":[{"time":0,"color":"ffffff00","curve":"stepped"},{"time":0.2,"color":"ffffff00","curve":"stepped"},{"time":4.6333,"color":"ffffff00"},{"time":5.9667,"color":"ffffffff","curve":"stepped"},{"time":10.6333,"color":"ffffffff"},{"time":12.6333,"color":"ffffff00","curve":"stepped"},{"time":13.3333,"color":"ffffff00"}]},"hat sang nho13":{"color":[{"time":0,"color":"ffffff00","curve":"stepped"},{"time":0.2,"color":"ffffff00","curve":"stepped"},{"time":4.6333,"color":"ffffff00"},{"time":5.3,"color":"fcd605ff"},{"time":5.9667,"color":"ffffff00"},{"time":6.6333,"color":"fcd605ff"},{"time":7.3,"color":"ffffff00"},{"time":7.9667,"color":"fcd605ff"},{"time":8.6333,"color":"ffffff00"},{"time":9.3333,"color":"ffffffff"},{"time":9.9667,"color":"ffffff00"},{"time":10.6333,"color":"fcd605ff"},{"time":12.6333,"color":"ffffff00","curve":"stepped"},{"time":13.3333,"color":"ffffff00"}]},"hat sang nho14":{"color":[{"time":0,"color":"ffffffff","curve":"stepped"},{"time":0.2,"color":"ffffffff","curve":"stepped"},{"time":2,"color":"ffffffff"},{"time":4,"color":"ffffff00","curve":"stepped"},{"time":4.6667,"color":"ffffff00","curve":"stepped"},{"time":9.3333,"color":"ffffff00"},{"time":10.6667,"color":"ffffffff","curve":"stepped"},{"time":13.3333,"color":"ffffffff"}]},"hat sang nho15":{"color":[{"time":0,"color":"ffffff00","curve":"stepped"},{"time":0.2,"color":"ffffff00"},{"time":0.7,"color":"ffffffff"},{"time":1.3333,"color":"ffffff00"},{"time":2,"color":"fcd605ff"},{"time":4,"color":"ffffff00","curve":"stepped"},{"time":4.6667,"color":"ffffff00","curve":"stepped"},{"time":9.3333,"color":"ffffff00"},{"time":10,"color":"fcd605ff"},{"time":10.6667,"color":"ffffff00"},{"time":11.3333,"color":"fcd605ff"},{"time":12,"color":"ffffff00"},{"time":12.6667,"color":"fcd605ff"},{"time":13.3333,"color":"ffffff00"}]},"hat sang nho16":{"color":[{"time":0,"color":"ffffffff","curve":"stepped"},{"time":0.2,"color":"ffffffff","curve":"stepped"},{"time":2,"color":"ffffffff"},{"time":4,"color":"ffffff00","curve":"stepped"},{"time":4.6667,"color":"ffffff00","curve":"stepped"},{"time":9.3333,"color":"ffffff00"},{"time":10.6667,"color":"ffffffff","curve":"stepped"},{"time":13.3333,"color":"ffffffff"}]},"hat sang nho17":{"color":[{"time":0,"color":"ffffff00","curve":"stepped"},{"time":0.2,"color":"ffffff00"},{"time":0.7,"color":"ffffffff"},{"time":1.3333,"color":"ffffff00"},{"time":2,"color":"fcd605ff"},{"time":4,"color":"ffffff00","curve":"stepped"},{"time":4.6667,"color":"ffffff00","curve":"stepped"},{"time":9.3333,"color":"ffffff00"},{"time":10,"color":"fcd605ff"},{"time":10.6667,"color":"ffffff00"},{"time":11.3333,"color":"fcd605ff"},{"time":12,"color":"ffffff00"},{"time":12.6667,"color":"fcd605ff"},{"time":13.3333,"color":"ffffff00"}]},"hat sang nho18":{"color":[{"time":0,"color":"ffffff00"},{"time":0.2,"color":"ffffffff","curve":"stepped"},{"time":3.5333,"color":"ffffffff"},{"time":5.5333,"color":"ffffff00","curve":"stepped"},{"time":10.6667,"color":"ffffff00"},{"time":12,"color":"ffffffff","curve":"stepped"},{"time":13.3333,"color":"ffffffff"}]},"hat sang nho19":{"color":[{"time":0,"color":"ffffff00","curve":"stepped"},{"time":0.2,"color":"ffffff00"},{"time":0.8667,"color":"fcd605ff"},{"time":1.5333,"color":"ffffff00"},{"time":2.2333,"color":"ffffffff"},{"time":2.8667,"color":"ffffff00"},{"time":3.5333,"color":"fcd605ff"},{"time":5.5333,"color":"ffffff00","curve":"stepped"},{"time":10.6667,"color":"ffffff00"},{"time":11.3333,"color":"fcd605ff"},{"time":12,"color":"ffffff00"},{"time":12.6667,"color":"fcd605ff"},{"time":13.3333,"color":"ffffff00"}]},"hat sang nho20":{"color":[{"time":0,"color":"ffffffff","curve":"stepped"},{"time":4.6667,"color":"ffffffff"},{"time":6.6667,"color":"ffffff00","curve":"stepped"},{"time":7.3667,"color":"ffffff00","curve":"stepped"},{"time":11.9667,"color":"ffffff00"},{"time":13.3,"color":"ffffffff"}]},"hat sang nho21":{"color":[{"time":0,"color":"ffffff00"},{"time":0.6667,"color":"fcd605ff"},{"time":1.3333,"color":"ffffff00"},{"time":2,"color":"fcd605ff"},{"time":2.6667,"color":"ffffff00"},{"time":3.3667,"color":"ffffffff"},{"time":4,"color":"ffffff00"},{"time":4.6667,"color":"fcd605ff"},{"time":6.6667,"color":"ffffff00","curve":"stepped"},{"time":7.3667,"color":"ffffff00","curve":"stepped"},{"time":11.9667,"color":"ffffff00"},{"time":12.6333,"color":"fcd605ff"},{"time":13.3,"color":"ffffff00"}]},"len3":{"color":[{"time":0,"color":"ffc50000","curve":"stepped"},{"time":0.2,"color":"ffc50000"},{"time":3.3333,"color":"ffc600ff"},{"time":6.6667,"color":"ffc50000","curve":"stepped"},{"time":6.7333,"color":"ffc50000"},{"time":10.0667,"color":"ffc600ff"},{"time":13.3333,"color":"ffc50000"}]},"len4":{"color":[{"time":0,"color":"fcd80000"},{"time":3.3333,"color":"d0f000dc"},{"time":5,"color":"bbfc00ff"},{"time":6.6333,"color":"d1ef00db"},{"time":9.6667,"color":"fcd80000"}]}},"bones":{"light2":{"rotate":[{"time":0,"angle":-28.44}],"translate":[{"time":0,"x":910.65,"y":-55.38,"curve":"stepped"},{"time":6.7333,"x":910.65,"y":-55.38}],"scale":[{"time":0,"x":14.943,"y":8.449,"curve":"stepped"},{"time":6.7333,"x":14.943,"y":8.449}]},"light3":{"rotate":[{"time":0,"angle":-25.67}],"translate":[{"time":0,"x":898.8,"y":70.11}],"scale":[{"time":0,"x":14.943,"y":8.449}]},"hat":{"translate":[{"time":0,"x":1215.12,"y":414.92},{"time":8,"x":1030.71,"y":98.79}],"scale":[{"time":0,"x":1,"y":1},{"time":0.6667,"x":0.416,"y":0.416},{"time":1.3333,"x":1,"y":1},{"time":2,"x":0.416,"y":0.416},{"time":2.6667,"x":1,"y":1},{"time":3.3333,"x":0.416,"y":0.416},{"time":4,"x":1,"y":1},{"time":4.6667,"x":0.416,"y":0.416},{"time":5.3333,"x":1,"y":1},{"time":6,"x":0.416,"y":0.416},{"time":6.6667,"x":1,"y":1},{"time":7.3333,"x":0.416,"y":0.416},{"time":8,"x":1,"y":1}]},"hat2":{"translate":[{"time":0,"x":1113.03,"y":200.87},{"time":8,"x":879.23,"y":-125.13}],"scale":[{"time":0,"x":1,"y":1},{"time":0.6667,"x":0.416,"y":0.416},{"time":1.3333,"x":1,"y":1},{"time":2,"x":0.416,"y":0.416},{"time":2.6667,"x":1,"y":1},{"time":3.3333,"x":0.416,"y":0.416},{"time":4,"x":1,"y":1},{"time":4.6667,"x":0.416,"y":0.416},{"time":5.3333,"x":1,"y":1},{"time":6,"x":0.416,"y":0.416},{"time":6.6667,"x":1,"y":1},{"time":7.3333,"x":0.416,"y":0.416},{"time":8,"x":1,"y":1}]},"hat3":{"translate":[{"time":0,"x":1215.12,"y":414.92},{"time":0.2,"x":1030.71,"y":98.79},{"time":1.7,"x":1215.12,"y":414.92},{"time":9.7,"x":1030.71,"y":98.79,"curve":"stepped"},{"time":13.3333,"x":1030.71,"y":98.79}],"scale":[{"time":0,"x":1,"y":1,"curve":"stepped"},{"time":0.2,"x":1,"y":1,"curve":"stepped"},{"time":1.7,"x":1,"y":1},{"time":2.3667,"x":0.416,"y":0.416},{"time":3.0333,"x":1,"y":1},{"time":3.7,"x":0.416,"y":0.416},{"time":4.3667,"x":1,"y":1},{"time":5.0333,"x":0.416,"y":0.416},{"time":5.7,"x":1,"y":1},{"time":6.3667,"x":0.416,"y":0.416},{"time":7.0333,"x":1,"y":1},{"time":7.7,"x":0.416,"y":0.416},{"time":8.3667,"x":1,"y":1},{"time":9.0333,"x":0.416,"y":0.416},{"time":9.7,"x":1,"y":1,"curve":"stepped"},{"time":13.3333,"x":1,"y":1}]},"hat4":{"translate":[{"time":0,"x":1215.12,"y":414.92},{"time":0.2,"x":1030.71,"y":98.79},{"time":1.7,"x":1215.12,"y":414.92},{"time":9.7,"x":1030.71,"y":98.79,"curve":"stepped"},{"time":13.3333,"x":1030.71,"y":98.79}],"scale":[{"time":0,"x":1,"y":1,"curve":"stepped"},{"time":0.2,"x":1,"y":1,"curve":"stepped"},{"time":1.7,"x":1,"y":1},{"time":2.3667,"x":0.416,"y":0.416},{"time":3.0333,"x":1,"y":1},{"time":3.7,"x":0.416,"y":0.416},{"time":4.3667,"x":1,"y":1},{"time":5.0333,"x":0.416,"y":0.416},{"time":5.7,"x":1,"y":1},{"time":6.3667,"x":0.416,"y":0.416},{"time":7.0333,"x":1,"y":1},{"time":7.7,"x":0.416,"y":0.416},{"time":8.3667,"x":1,"y":1},{"time":9.0333,"x":0.416,"y":0.416},{"time":9.7,"x":1,"y":1,"curve":"stepped"},{"time":13.3333,"x":1,"y":1}]},"hat5":{"translate":[{"time":0,"x":1215.12,"y":414.92},{"time":0.2,"x":1030.71,"y":98.79},{"time":4.6333,"x":1215.12,"y":414.92},{"time":12.6333,"x":1030.71,"y":98.79,"curve":"stepped"},{"time":13.3333,"x":1030.71,"y":98.79}],"scale":[{"time":0,"x":1,"y":1,"curve":"stepped"},{"time":0.2,"x":1,"y":1,"curve":"stepped"},{"time":4.6333,"x":1,"y":1},{"time":5.3,"x":0.416,"y":0.416},{"time":5.9667,"x":1,"y":1},{"time":6.6333,"x":0.416,"y":0.416},{"time":7.3,"x":1,"y":1},{"time":7.9667,"x":0.416,"y":0.416},{"time":8.6333,"x":1,"y":1},{"time":9.3,"x":0.416,"y":0.416},{"time":9.9667,"x":1,"y":1},{"time":10.6333,"x":0.416,"y":0.416},{"time":11.3,"x":1,"y":1},{"time":11.9667,"x":0.416,"y":0.416},{"time":12.6333,"x":1,"y":1,"curve":"stepped"},{"time":13.3333,"x":1,"y":1}]},"hat6":{"translate":[{"time":0,"x":1215.12,"y":414.92},{"time":0.2,"x":1030.71,"y":98.79},{"time":4.6333,"x":1215.12,"y":414.92},{"time":12.6333,"x":1030.71,"y":98.79,"curve":"stepped"},{"time":13.3333,"x":1030.71,"y":98.79}],"scale":[{"time":0,"x":1,"y":1,"curve":"stepped"},{"time":0.2,"x":1,"y":1,"curve":"stepped"},{"time":4.6333,"x":1,"y":1},{"time":5.3,"x":0.416,"y":0.416},{"time":5.9667,"x":1,"y":1},{"time":6.6333,"x":0.416,"y":0.416},{"time":7.3,"x":1,"y":1},{"time":7.9667,"x":0.416,"y":0.416},{"time":8.6333,"x":1,"y":1},{"time":9.3,"x":0.416,"y":0.416},{"time":9.9667,"x":1,"y":1},{"time":10.6333,"x":0.416,"y":0.416},{"time":11.3,"x":1,"y":1},{"time":11.9667,"x":0.416,"y":0.416},{"time":12.6333,"x":1,"y":1,"curve":"stepped"},{"time":13.3333,"x":1,"y":1}]},"hat7":{"translate":[{"time":0,"x":1122.91,"y":256.85,"curve":"stepped"},{"time":0.2,"x":1122.91,"y":256.85},{"time":4,"x":1030.71,"y":98.79,"curve":"stepped"},{"time":4.6667,"x":1030.71,"y":98.79},{"time":9.3333,"x":1215.12,"y":414.92},{"time":13.3333,"x":1122.91,"y":256.85}],"scale":[{"time":0,"x":1,"y":1,"curve":"stepped"},{"time":0.2,"x":1,"y":1},{"time":0.6667,"x":0.416,"y":0.416},{"time":1.3333,"x":1,"y":1},{"time":2,"x":0.416,"y":0.416},{"time":2.6667,"x":1,"y":1},{"time":3.3333,"x":0.416,"y":0.416},{"time":4,"x":1,"y":1,"curve":"stepped"},{"time":4.6667,"x":1,"y":1,"curve":"stepped"},{"time":9.3333,"x":1,"y":1},{"time":10,"x":0.416,"y":0.416},{"time":10.6667,"x":1,"y":1},{"time":11.3333,"x":0.416,"y":0.416},{"time":12,"x":1,"y":1},{"time":12.6667,"x":0.416,"y":0.416},{"time":13.3333,"x":1,"y":1}]},"hat8":{"translate":[{"time":0,"x":1122.91,"y":256.85,"curve":"stepped"},{"time":0.2,"x":1122.91,"y":256.85},{"time":4,"x":1030.71,"y":98.79,"curve":"stepped"},{"time":4.6667,"x":1030.71,"y":98.79},{"time":9.3333,"x":1215.12,"y":414.92},{"time":13.3333,"x":1122.91,"y":256.85}],"scale":[{"time":0,"x":1,"y":1,"curve":"stepped"},{"time":0.2,"x":1,"y":1},{"time":0.6667,"x":0.416,"y":0.416},{"time":1.3333,"x":1,"y":1},{"time":2,"x":0.416,"y":0.416},{"time":2.6667,"x":1,"y":1},{"time":3.3333,"x":0.416,"y":0.416},{"time":4,"x":1,"y":1,"curve":"stepped"},{"time":4.6667,"x":1,"y":1,"curve":"stepped"},{"time":9.3333,"x":1,"y":1},{"time":10,"x":0.416,"y":0.416},{"time":10.6667,"x":1,"y":1},{"time":11.3333,"x":0.416,"y":0.416},{"time":12,"x":1,"y":1},{"time":12.6667,"x":0.416,"y":0.416},{"time":13.3333,"x":1,"y":1}]},"hat9":{"translate":[{"time":0,"x":1215.12,"y":414.92},{"time":0.2,"x":1153.65,"y":309.54},{"time":5.5333,"x":1030.71,"y":98.79,"curve":"stepped"},{"time":10.5333,"x":1030.71,"y":98.79},{"time":10.6667,"x":1215.12,"y":414.92},{"time":13.3333,"x":1153.65,"y":309.54}],"scale":[{"time":0,"x":1,"y":1,"curve":"stepped"},{"time":0.2,"x":1,"y":1},{"time":0.8667,"x":0.416,"y":0.416},{"time":1.5333,"x":1,"y":1},{"time":2.2,"x":0.416,"y":0.416},{"time":2.8667,"x":1,"y":1},{"time":3.5333,"x":0.416,"y":0.416},{"time":4.2,"x":1,"y":1},{"time":4.8667,"x":0.416,"y":0.416},{"time":5.5333,"x":1,"y":1,"curve":"stepped"},{"time":10.6667,"x":1,"y":1},{"time":11.3333,"x":0.416,"y":0.416},{"time":12,"x":1,"y":1},{"time":12.6667,"x":0.416,"y":0.416},{"time":13.3333,"x":1,"y":1}]},"hat10":{"translate":[{"time":0,"x":1184.38,"y":362.23},{"time":6.6667,"x":1030.71,"y":98.79,"curve":"stepped"},{"time":7.3667,"x":1030.71,"y":98.79,"curve":"stepped"},{"time":11.8667,"x":1030.71,"y":98.79},{"time":11.9667,"x":1215.12,"y":414.92},{"time":13.3,"x":1184.38,"y":362.23}],"scale":[{"time":0,"x":1,"y":1},{"time":0.6667,"x":0.416,"y":0.416},{"time":1.3333,"x":1,"y":1},{"time":2,"x":0.416,"y":0.416},{"time":2.6667,"x":1,"y":1},{"time":3.3333,"x":0.416,"y":0.416},{"time":4,"x":1,"y":1},{"time":4.6667,"x":0.416,"y":0.416},{"time":5.3333,"x":1,"y":1},{"time":6,"x":0.416,"y":0.416},{"time":6.6667,"x":1,"y":1,"curve":"stepped"},{"time":7.3667,"x":1,"y":1,"curve":"stepped"},{"time":11.9667,"x":1,"y":1},{"time":12.6333,"x":0.416,"y":0.416},{"time":13.3,"x":1,"y":1}]},"root":{"scale":[{"time":0,"x":0.55,"y":0.55}]}}}}}