{"skeleton":{"hash":"nSmrfNkOqfqKc3DEqjnsTcr45eg","spine":"3.6.53","width":0,"height":0,"images":"../song/"},"bones":[{"name":"root"},{"name":"bone_root2","parent":"root","x":339.99,"y":740.18,"scaleX":-0.761},{"name":"hat11","parent":"bone_root2","length":184.41},{"name":"hat12","parent":"bone_root2","length":184.41},{"name":"hat13","parent":"bone_root2","length":184.41,"x":-9.88,"y":-29.64,"scaleX":0.789,"scaleY":0.789},{"name":"hat14","parent":"bone_root2","length":184.41,"x":-95.5,"y":-118.55,"scaleX":0.395,"scaleY":0.395},{"name":"hat15","parent":"bone_root2","length":184.41,"x":-95.5,"y":-118.55,"scaleX":0.395,"scaleY":0.395},{"name":"hat16","parent":"bone_root2","length":184.41,"x":69.15,"y":-29.64,"scaleX":0.45,"scaleY":0.45},{"name":"hat17","parent":"bone_root2","length":184.41,"x":69.15,"y":-29.64,"scaleX":0.45,"scaleY":0.45},{"name":"hat18","parent":"bone_root2","length":184.41,"x":-23.05,"y":-164.65,"scaleX":0.346,"scaleY":0.346},{"name":"hat19","parent":"bone_root2","length":184.41,"x":69.15,"y":-29.64,"scaleX":0.507,"scaleY":0.507},{"name":"hat20","parent":"bone_root2","length":184.41,"x":-95.5,"y":-118.55,"scaleX":0.395,"scaleY":0.395},{"name":"light1","parent":"root","length":239.09,"rotation":-90,"x":161.8,"y":161.72}],"slots":[{"name":"len2","bone":"light1","attachment":"len2","blend":"additive"},{"name":"hat sang nho22","bone":"hat11","attachment":"hat sang nho"},{"name":"hat sang nho26","bone":"hat13","attachment":"hat sang nho"},{"name":"hat sang nho28","bone":"hat14","attachment":"hat sang nho"},{"name":"hat sang nho30","bone":"hat15","attachment":"hat sang nho"},{"name":"hat sang nho40","bone":"hat20","attachment":"hat sang nho"},{"name":"hat sang nho32","bone":"hat16","attachment":"hat sang nho"},{"name":"hat sang nho38","bone":"hat19","attachment":"hat sang nho"},{"name":"hat sang nho34","bone":"hat17","attachment":"hat sang nho"},{"name":"hat sang nho36","bone":"hat18","attachment":"hat sang nho"},{"name":"hat sang nho24","bone":"hat12","attachment":"hat sang nho"},{"name":"hat sang nho23","bone":"hat11","attachment":"hat sang nho","blend":"additive"},{"name":"hat sang nho27","bone":"hat13","attachment":"hat sang nho","blend":"additive"},{"name":"hat sang nho29","bone":"hat14","attachment":"hat sang nho","blend":"additive"},{"name":"hat sang nho31","bone":"hat15","attachment":"hat sang nho","blend":"additive"},{"name":"hat sang nho41","bone":"hat20","attachment":"hat sang nho","blend":"additive"},{"name":"hat sang nho33","bone":"hat16","attachment":"hat sang nho","blend":"additive"},{"name":"hat sang nho39","bone":"hat19","attachment":"hat sang nho","blend":"additive"},{"name":"hat sang nho35","bone":"hat17","attachment":"hat sang nho","blend":"additive"},{"name":"hat sang nho37","bone":"hat18","attachment":"hat sang nho","blend":"additive"},{"name":"hat sang nho25","bone":"hat12","attachment":"hat sang nho","blend":"additive"}],"skins":{"default":{"hat sang nho22":{"hat sang nho":{"x":0.71,"y":-0.27,"width":35,"height":35}},"hat sang nho23":{"hat sang nho":{"x":0.71,"y":-0.27,"width":35,"height":35}},"hat sang nho24":{"hat sang nho":{"x":0.71,"y":-0.27,"width":35,"height":35}},"hat sang nho25":{"hat sang nho":{"x":0.71,"y":-0.27,"width":35,"height":35}},"hat sang nho26":{"hat sang nho":{"x":0.71,"y":-0.27,"width":35,"height":35}},"hat sang nho27":{"hat sang nho":{"x":0.71,"y":-0.27,"width":35,"height":35}},"hat sang nho28":{"hat sang nho":{"x":0.71,"y":-0.27,"width":35,"height":35}},"hat sang nho29":{"hat sang nho":{"x":0.71,"y":-0.27,"width":35,"height":35}},"hat sang nho30":{"hat sang nho":{"x":0.71,"y":-0.27,"width":35,"height":35}},"hat sang nho31":{"hat sang nho":{"x":0.71,"y":-0.27,"width":35,"height":35}},"hat sang nho32":{"hat sang nho":{"x":0.71,"y":-0.27,"width":35,"height":35}},"hat sang nho33":{"hat sang nho":{"x":0.71,"y":-0.27,"width":35,"height":35}},"hat sang nho34":{"hat sang nho":{"x":0.71,"y":-0.27,"width":35,"height":35}},"hat sang nho35":{"hat sang nho":{"x":0.71,"y":-0.27,"width":35,"height":35}},"hat sang nho36":{"hat sang nho":{"x":0.71,"y":-0.27,"width":35,"height":35}},"hat sang nho37":{"hat sang nho":{"x":0.71,"y":-0.27,"width":35,"height":35}},"hat sang nho38":{"hat sang nho":{"x":0.71,"y":-0.27,"width":35,"height":35}},"hat sang nho39":{"hat sang nho":{"x":0.71,"y":-0.27,"width":35,"height":35}},"hat sang nho40":{"hat sang nho":{"x":0.71,"y":-0.27,"width":35,"height":35}},"hat sang nho41":{"hat sang nho":{"x":0.71,"y":-0.27,"width":35,"height":35}},"len2":{"len2":{"x":31.04,"rotation":90,"width":82,"height":104}}}},"animations":{"animation":{"slots":{"hat sang nho22":{"color":[{"time":0,"color":"ffffff00"},{"time":1.3333,"color":"ffffffff","curve":"stepped"},{"time":6,"color":"ffffffff"},{"time":8,"color":"ffffff00"}]},"hat sang nho23":{"color":[{"time":0,"color":"ffffff00"},{"time":0.6667,"color":"fcd605ff"},{"time":1.3333,"color":"ffffff00"},{"time":2,"color":"fcd605ff"},{"time":2.6667,"color":"ffffff00"},{"time":3.3333,"color":"fcd605ff"},{"time":4,"color":"ffffff00"},{"time":4.7,"color":"ffffffff"},{"time":5.3333,"color":"ffffff00"},{"time":6,"color":"fcd605ff"},{"time":8,"color":"ffffff00"}]},"hat sang nho24":{"color":[{"time":0,"color":"ffffff00"},{"time":1.3333,"color":"ffffffff","curve":"stepped"},{"time":6,"color":"ffffffff"},{"time":8,"color":"ffffff00"}]},"hat sang nho25":{"color":[{"time":0,"color":"ffffff00"},{"time":2,"color":"fcd605ff"},{"time":2.6667,"color":"ffffff00"},{"time":3.3333,"color":"fcd605ff"},{"time":4,"color":"ffffff00"},{"time":4.7,"color":"ffffffff"},{"time":5.3333,"color":"ffffff00"},{"time":6,"color":"fcd605ff"},{"time":8,"color":"ffffff00"}]},"hat sang nho26":{"color":[{"time":0,"color":"ffffff00","curve":"stepped"},{"time":0.2,"color":"ffffff00","curve":"stepped"},{"time":1.7,"color":"ffffff00"},{"time":3.0333,"color":"ffffffff","curve":"stepped"},{"time":7.7,"color":"ffffffff"},{"time":9.7,"color":"ffffff00","curve":"stepped"},{"time":13.3333,"color":"ffffff00"}]},"hat sang nho27":{"color":[{"time":0,"color":"ffffff00","curve":"stepped"},{"time":0.2,"color":"ffffff00","curve":"stepped"},{"time":1.7,"color":"ffffff00"},{"time":2.3667,"color":"fcd605ff"},{"time":3.0333,"color":"ffffff00"},{"time":3.7,"color":"fcd605ff"},{"time":4.3667,"color":"ffffff00"},{"time":5.0333,"color":"fcd605ff"},{"time":5.7,"color":"ffffff00"},{"time":6.4,"color":"ffffffff"},{"time":7.0333,"color":"ffffff00"},{"time":7.7,"color":"fcd605ff"},{"time":9.7,"color":"ffffff00","curve":"stepped"},{"time":13.3333,"color":"ffffff00"}]},"hat sang nho28":{"color":[{"time":0,"color":"ffffff00","curve":"stepped"},{"time":0.2,"color":"ffffff00","curve":"stepped"},{"time":1.7,"color":"ffffff00"},{"time":3.0333,"color":"ffffffff","curve":"stepped"},{"time":7.7,"color":"ffffffff"},{"time":9.7,"color":"ffffff00","curve":"stepped"},{"time":13.3333,"color":"ffffff00"}]},"hat sang nho29":{"color":[{"time":0,"color":"ffffff00","curve":"stepped"},{"time":0.2,"color":"ffffff00","curve":"stepped"},{"time":1.7,"color":"ffffff00"},{"time":2.3667,"color":"fcd605ff"},{"time":3.0333,"color":"ffffff00"},{"time":3.7,"color":"fcd605ff"},{"time":4.3667,"color":"ffffff00"},{"time":5.0333,"color":"fcd605ff"},{"time":5.7,"color":"ffffff00"},{"time":6.4,"color":"ffffffff"},{"time":7.0333,"color":"ffffff00"},{"time":7.7,"color":"fcd605ff"},{"time":9.7,"color":"ffffff00","curve":"stepped"},{"time":13.3333,"color":"ffffff00"}]},"hat sang nho30":{"color":[{"time":0,"color":"ffffff00","curve":"stepped"},{"time":0.2,"color":"ffffff00","curve":"stepped"},{"time":4.6333,"color":"ffffff00"},{"time":5.9667,"color":"ffffffff","curve":"stepped"},{"time":10.6333,"color":"ffffffff"},{"time":12.6333,"color":"ffffff00","curve":"stepped"},{"time":13.3333,"color":"ffffff00"}]},"hat sang nho31":{"color":[{"time":0,"color":"ffffff00","curve":"stepped"},{"time":0.2,"color":"ffffff00","curve":"stepped"},{"time":4.6333,"color":"ffffff00"},{"time":5.3,"color":"fcd605ff"},{"time":5.9667,"color":"ffffff00"},{"time":6.6333,"color":"fcd605ff"},{"time":7.3,"color":"ffffff00"},{"time":7.9667,"color":"fcd605ff"},{"time":8.6333,"color":"ffffff00"},{"time":9.3333,"color":"ffffffff"},{"time":9.9667,"color":"ffffff00"},{"time":10.6333,"color":"fcd605ff"},{"time":12.6333,"color":"ffffff00","curve":"stepped"},{"time":13.3333,"color":"ffffff00"}]},"hat sang nho32":{"color":[{"time":0,"color":"ffffff00","curve":"stepped"},{"time":0.2,"color":"ffffff00","curve":"stepped"},{"time":4.6333,"color":"ffffff00"},{"time":5.9667,"color":"ffffffff","curve":"stepped"},{"time":10.6333,"color":"ffffffff"},{"time":12.6333,"color":"ffffff00","curve":"stepped"},{"time":13.3333,"color":"ffffff00"}]},"hat sang nho33":{"color":[{"time":0,"color":"ffffff00","curve":"stepped"},{"time":0.2,"color":"ffffff00","curve":"stepped"},{"time":4.6333,"color":"ffffff00"},{"time":5.3,"color":"fcd605ff"},{"time":5.9667,"color":"ffffff00"},{"time":6.6333,"color":"fcd605ff"},{"time":7.3,"color":"ffffff00"},{"time":7.9667,"color":"fcd605ff"},{"time":8.6333,"color":"ffffff00"},{"time":9.3333,"color":"ffffffff"},{"time":9.9667,"color":"ffffff00"},{"time":10.6333,"color":"fcd605ff"},{"time":12.6333,"color":"ffffff00","curve":"stepped"},{"time":13.3333,"color":"ffffff00"}]},"hat sang nho34":{"color":[{"time":0,"color":"ffffffff","curve":"stepped"},{"time":0.2,"color":"ffffffff","curve":"stepped"},{"time":2,"color":"ffffffff"},{"time":4,"color":"ffffff00","curve":"stepped"},{"time":4.6667,"color":"ffffff00","curve":"stepped"},{"time":9.3333,"color":"ffffff00"},{"time":10.6667,"color":"ffffffff","curve":"stepped"},{"time":13.3333,"color":"ffffffff"}]},"hat sang nho35":{"color":[{"time":0,"color":"ffffff00","curve":"stepped"},{"time":0.2,"color":"ffffff00"},{"time":0.7,"color":"ffffffff"},{"time":1.3333,"color":"ffffff00"},{"time":2,"color":"fcd605ff"},{"time":4,"color":"ffffff00","curve":"stepped"},{"time":4.6667,"color":"ffffff00","curve":"stepped"},{"time":9.3333,"color":"ffffff00"},{"time":10,"color":"fcd605ff"},{"time":10.6667,"color":"ffffff00"},{"time":11.3333,"color":"fcd605ff"},{"time":12,"color":"ffffff00"},{"time":12.6667,"color":"fcd605ff"},{"time":13.3333,"color":"ffffff00"}]},"hat sang nho36":{"color":[{"time":0,"color":"ffffffff","curve":"stepped"},{"time":0.2,"color":"ffffffff","curve":"stepped"},{"time":2,"color":"ffffffff"},{"time":4,"color":"ffffff00","curve":"stepped"},{"time":4.6667,"color":"ffffff00","curve":"stepped"},{"time":9.3333,"color":"ffffff00"},{"time":10.6667,"color":"ffffffff","curve":"stepped"},{"time":13.3333,"color":"ffffffff"}]},"hat sang nho37":{"color":[{"time":0,"color":"ffffff00","curve":"stepped"},{"time":0.2,"color":"ffffff00"},{"time":0.7,"color":"ffffffff"},{"time":1.3333,"color":"ffffff00"},{"time":2,"color":"fcd605ff"},{"time":4,"color":"ffffff00","curve":"stepped"},{"time":4.6667,"color":"ffffff00","curve":"stepped"},{"time":9.3333,"color":"ffffff00"},{"time":10,"color":"fcd605ff"},{"time":10.6667,"color":"ffffff00"},{"time":11.3333,"color":"fcd605ff"},{"time":12,"color":"ffffff00"},{"time":12.6667,"color":"fcd605ff"},{"time":13.3333,"color":"ffffff00"}]},"hat sang nho38":{"color":[{"time":0,"color":"ffffff00"},{"time":0.8667,"color":"ffffffff","curve":"stepped"},{"time":3.5333,"color":"ffffffff"},{"time":5.5333,"color":"ffffff00","curve":"stepped"},{"time":10.6667,"color":"ffffff00"},{"time":12,"color":"ffffffff","curve":"stepped"},{"time":13.3333,"color":"ffffffff"}]},"hat sang nho39":{"color":[{"time":0,"color":"ffffff00","curve":"stepped"},{"time":0.2,"color":"ffffff00"},{"time":0.8667,"color":"fcd605ff"},{"time":1.5333,"color":"ffffff00"},{"time":2.2333,"color":"ffffffff"},{"time":2.8667,"color":"ffffff00"},{"time":3.5333,"color":"fcd605ff"},{"time":5.5333,"color":"ffffff00","curve":"stepped"},{"time":10.6667,"color":"ffffff00"},{"time":11.3333,"color":"fcd605ff"},{"time":12,"color":"ffffff00"},{"time":12.6667,"color":"fcd605ff"},{"time":13.3333,"color":"ffffff00"}]},"hat sang nho40":{"color":[{"time":0,"color":"ffffffff","curve":"stepped"},{"time":4.6667,"color":"ffffffff"},{"time":6.6667,"color":"ffffff00","curve":"stepped"},{"time":7.3667,"color":"ffffff00","curve":"stepped"},{"time":11.9667,"color":"ffffff00"},{"time":13.3,"color":"ffffffff"}]},"hat sang nho41":{"color":[{"time":0,"color":"ffffff00"},{"time":0.6667,"color":"fcd605ff"},{"time":1.3333,"color":"ffffff00"},{"time":2,"color":"fcd605ff"},{"time":2.6667,"color":"ffffff00"},{"time":3.3667,"color":"ffffffff"},{"time":4,"color":"ffffff00"},{"time":4.6667,"color":"fcd605ff"},{"time":6.6667,"color":"ffffff00","curve":"stepped"},{"time":7.3667,"color":"ffffff00","curve":"stepped"},{"time":11.9667,"color":"ffffff00"},{"time":12.6333,"color":"fcd605ff"},{"time":13.3,"color":"ffffff00"}]},"len2":{"color":[{"time":0,"color":"fcd90000"},{"time":2.6333,"color":"fcd900c6"},{"time":4.3333,"color":"fdda00ff","curve":"stepped"},{"time":10,"color":"fdda00ff"},{"time":13.3333,"color":"fcd90000"}]}},"bones":{"light1":{"rotate":[{"time":0,"angle":38.47}],"translate":[{"time":0,"x":-813.25,"y":937.41}],"scale":[{"time":0,"x":11.621,"y":8.449},{"time":4.3333,"x":6.764,"y":8.449},{"time":13.3333,"x":11.621,"y":8.449}]},"hat11":{"translate":[{"time":0,"x":1215.12,"y":414.92},{"time":8,"x":1030.71,"y":98.79}],"scale":[{"time":0,"x":1,"y":1},{"time":0.6667,"x":0.416,"y":0.416},{"time":1.3333,"x":1,"y":1},{"time":2,"x":0.416,"y":0.416},{"time":2.6667,"x":1,"y":1},{"time":3.3333,"x":0.416,"y":0.416},{"time":4,"x":1,"y":1},{"time":4.6667,"x":0.416,"y":0.416},{"time":5.3333,"x":1,"y":1},{"time":6,"x":0.416,"y":0.416},{"time":6.6667,"x":1,"y":1},{"time":7.3333,"x":0.416,"y":0.416},{"time":8,"x":1,"y":1}]},"hat12":{"translate":[{"time":0,"x":1113.03,"y":200.87},{"time":8,"x":879.23,"y":-125.13}],"scale":[{"time":0,"x":1,"y":1},{"time":0.6667,"x":0.416,"y":0.416},{"time":1.3333,"x":1,"y":1},{"time":2,"x":0.416,"y":0.416},{"time":2.6667,"x":1,"y":1},{"time":3.3333,"x":0.416,"y":0.416},{"time":4,"x":1,"y":1},{"time":4.6667,"x":0.416,"y":0.416},{"time":5.3333,"x":1,"y":1},{"time":6,"x":0.416,"y":0.416},{"time":6.6667,"x":1,"y":1},{"time":7.3333,"x":0.416,"y":0.416},{"time":8,"x":1,"y":1}]},"hat13":{"translate":[{"time":0,"x":1215.12,"y":414.92},{"time":0.2,"x":1030.71,"y":98.79},{"time":1.7,"x":1215.12,"y":414.92},{"time":9.7,"x":1030.71,"y":98.79,"curve":"stepped"},{"time":13.3333,"x":1030.71,"y":98.79}],"scale":[{"time":0,"x":1,"y":1,"curve":"stepped"},{"time":0.2,"x":1,"y":1,"curve":"stepped"},{"time":1.7,"x":1,"y":1},{"time":2.3667,"x":0.416,"y":0.416},{"time":3.0333,"x":1,"y":1},{"time":3.7,"x":0.416,"y":0.416},{"time":4.3667,"x":1,"y":1},{"time":5.0333,"x":0.416,"y":0.416},{"time":5.7,"x":1,"y":1},{"time":6.3667,"x":0.416,"y":0.416},{"time":7.0333,"x":1,"y":1},{"time":7.7,"x":0.416,"y":0.416},{"time":8.3667,"x":1,"y":1},{"time":9.0333,"x":0.416,"y":0.416},{"time":9.7,"x":1,"y":1,"curve":"stepped"},{"time":13.3333,"x":1,"y":1}]},"hat14":{"translate":[{"time":0,"x":1215.12,"y":414.92},{"time":0.2,"x":1030.71,"y":98.79},{"time":1.7,"x":1215.12,"y":414.92},{"time":9.7,"x":1030.71,"y":98.79,"curve":"stepped"},{"time":13.3333,"x":1030.71,"y":98.79}],"scale":[{"time":0,"x":1,"y":1,"curve":"stepped"},{"time":0.2,"x":1,"y":1,"curve":"stepped"},{"time":1.7,"x":1,"y":1},{"time":2.3667,"x":0.416,"y":0.416},{"time":3.0333,"x":1,"y":1},{"time":3.7,"x":0.416,"y":0.416},{"time":4.3667,"x":1,"y":1},{"time":5.0333,"x":0.416,"y":0.416},{"time":5.7,"x":1,"y":1},{"time":6.3667,"x":0.416,"y":0.416},{"time":7.0333,"x":1,"y":1},{"time":7.7,"x":0.416,"y":0.416},{"time":8.3667,"x":1,"y":1},{"time":9.0333,"x":0.416,"y":0.416},{"time":9.7,"x":1,"y":1,"curve":"stepped"},{"time":13.3333,"x":1,"y":1}]},"hat15":{"translate":[{"time":0,"x":1215.12,"y":414.92},{"time":0.2,"x":1030.71,"y":98.79},{"time":4.6333,"x":1215.12,"y":414.92},{"time":12.6333,"x":1030.71,"y":98.79,"curve":"stepped"},{"time":13.3333,"x":1030.71,"y":98.79}],"scale":[{"time":0,"x":1,"y":1,"curve":"stepped"},{"time":0.2,"x":1,"y":1,"curve":"stepped"},{"time":4.6333,"x":1,"y":1},{"time":5.3,"x":0.416,"y":0.416},{"time":5.9667,"x":1,"y":1},{"time":6.6333,"x":0.416,"y":0.416},{"time":7.3,"x":1,"y":1},{"time":7.9667,"x":0.416,"y":0.416},{"time":8.6333,"x":1,"y":1},{"time":9.3,"x":0.416,"y":0.416},{"time":9.9667,"x":1,"y":1},{"time":10.6333,"x":0.416,"y":0.416},{"time":11.3,"x":1,"y":1},{"time":11.9667,"x":0.416,"y":0.416},{"time":12.6333,"x":1,"y":1,"curve":"stepped"},{"time":13.3333,"x":1,"y":1}]},"hat16":{"translate":[{"time":0,"x":1215.12,"y":414.92},{"time":0.2,"x":1030.71,"y":98.79},{"time":4.6333,"x":1215.12,"y":414.92},{"time":12.6333,"x":1030.71,"y":98.79,"curve":"stepped"},{"time":13.3333,"x":1030.71,"y":98.79}],"scale":[{"time":0,"x":1,"y":1,"curve":"stepped"},{"time":0.2,"x":1,"y":1,"curve":"stepped"},{"time":4.6333,"x":1,"y":1},{"time":5.3,"x":0.416,"y":0.416},{"time":5.9667,"x":1,"y":1},{"time":6.6333,"x":0.416,"y":0.416},{"time":7.3,"x":1,"y":1},{"time":7.9667,"x":0.416,"y":0.416},{"time":8.6333,"x":1,"y":1},{"time":9.3,"x":0.416,"y":0.416},{"time":9.9667,"x":1,"y":1},{"time":10.6333,"x":0.416,"y":0.416},{"time":11.3,"x":1,"y":1},{"time":11.9667,"x":0.416,"y":0.416},{"time":12.6333,"x":1,"y":1,"curve":"stepped"},{"time":13.3333,"x":1,"y":1}]},"hat17":{"translate":[{"time":0,"x":1122.91,"y":256.85,"curve":"stepped"},{"time":0.2,"x":1122.91,"y":256.85},{"time":4,"x":1030.71,"y":98.79,"curve":"stepped"},{"time":4.6667,"x":1030.71,"y":98.79},{"time":9.3333,"x":1215.12,"y":414.92},{"time":13.3333,"x":1122.91,"y":256.85}],"scale":[{"time":0,"x":1,"y":1,"curve":"stepped"},{"time":0.2,"x":1,"y":1},{"time":0.6667,"x":0.416,"y":0.416},{"time":1.3333,"x":1,"y":1},{"time":2,"x":0.416,"y":0.416},{"time":2.6667,"x":1,"y":1},{"time":3.3333,"x":0.416,"y":0.416},{"time":4,"x":1,"y":1,"curve":"stepped"},{"time":4.6667,"x":1,"y":1,"curve":"stepped"},{"time":9.3333,"x":1,"y":1},{"time":10,"x":0.416,"y":0.416},{"time":10.6667,"x":1,"y":1},{"time":11.3333,"x":0.416,"y":0.416},{"time":12,"x":1,"y":1},{"time":12.6667,"x":0.416,"y":0.416},{"time":13.3333,"x":1,"y":1}]},"hat18":{"translate":[{"time":0,"x":1122.91,"y":256.85,"curve":"stepped"},{"time":0.2,"x":1122.91,"y":256.85},{"time":4,"x":1030.71,"y":98.79,"curve":"stepped"},{"time":4.6667,"x":1030.71,"y":98.79},{"time":9.3333,"x":1215.12,"y":414.92},{"time":13.3333,"x":1122.91,"y":256.85}],"scale":[{"time":0,"x":1,"y":1,"curve":"stepped"},{"time":0.2,"x":1,"y":1},{"time":0.6667,"x":0.416,"y":0.416},{"time":1.3333,"x":1,"y":1},{"time":2,"x":0.416,"y":0.416},{"time":2.6667,"x":1,"y":1},{"time":3.3333,"x":0.416,"y":0.416},{"time":4,"x":1,"y":1,"curve":"stepped"},{"time":4.6667,"x":1,"y":1,"curve":"stepped"},{"time":9.3333,"x":1,"y":1},{"time":10,"x":0.416,"y":0.416},{"time":10.6667,"x":1,"y":1},{"time":11.3333,"x":0.416,"y":0.416},{"time":12,"x":1,"y":1},{"time":12.6667,"x":0.416,"y":0.416},{"time":13.3333,"x":1,"y":1}]},"hat19":{"translate":[{"time":0,"x":1215.12,"y":414.92},{"time":0.2,"x":1153.65,"y":309.54},{"time":5.5333,"x":1030.71,"y":98.79,"curve":"stepped"},{"time":10.5333,"x":1030.71,"y":98.79},{"time":10.6667,"x":1215.12,"y":414.92},{"time":13.3333,"x":1153.65,"y":309.54}],"scale":[{"time":0,"x":1,"y":1,"curve":"stepped"},{"time":0.2,"x":1,"y":1},{"time":0.8667,"x":0.416,"y":0.416},{"time":1.5333,"x":1,"y":1},{"time":2.2,"x":0.416,"y":0.416},{"time":2.8667,"x":1,"y":1},{"time":3.5333,"x":0.416,"y":0.416},{"time":4.2,"x":1,"y":1},{"time":4.8667,"x":0.416,"y":0.416},{"time":5.5333,"x":1,"y":1,"curve":"stepped"},{"time":10.6667,"x":1,"y":1},{"time":11.3333,"x":0.416,"y":0.416},{"time":12,"x":1,"y":1},{"time":12.6667,"x":0.416,"y":0.416},{"time":13.3333,"x":1,"y":1}]},"hat20":{"translate":[{"time":0,"x":1184.38,"y":362.23},{"time":6.6667,"x":1030.71,"y":98.79,"curve":"stepped"},{"time":7.3667,"x":1030.71,"y":98.79,"curve":"stepped"},{"time":11.8667,"x":1030.71,"y":98.79},{"time":11.9667,"x":1215.12,"y":414.92},{"time":13.3,"x":1184.38,"y":362.23}],"scale":[{"time":0,"x":1,"y":1},{"time":0.6667,"x":0.416,"y":0.416},{"time":1.3333,"x":1,"y":1},{"time":2,"x":0.416,"y":0.416},{"time":2.6667,"x":1,"y":1},{"time":3.3333,"x":0.416,"y":0.416},{"time":4,"x":1,"y":1},{"time":4.6667,"x":0.416,"y":0.416},{"time":5.3333,"x":1,"y":1},{"time":6,"x":0.416,"y":0.416},{"time":6.6667,"x":1,"y":1,"curve":"stepped"},{"time":7.3667,"x":1,"y":1,"curve":"stepped"},{"time":11.9667,"x":1,"y":1},{"time":12.6333,"x":0.416,"y":0.416},{"time":13.3,"x":1,"y":1}]},"root":{"scale":[{"time":0,"x":0.55,"y":0.55}]}}}}}